/*
 Navicat Premium Data Transfer

 Source Server         : android
 Source Server Type    : MySQL
 Source Server Version : 80028
 Source Host           : localhost:3306
 Source Schema         : ruoyi

 Target Server Type    : MySQL
 Target Server Version : 80028
 File Encoding         : 65001

 Date: 17/01/2025 13:55:43
*/

SET NAMES utf8mb4;
SET FOREIGN_KEY_CHECKS = 0;

-- ----------------------------
-- Table structure for gen_table
-- ----------------------------
DROP TABLE IF EXISTS `gen_table`;
CREATE TABLE `gen_table`  (
  `table_id` bigint(0) NOT NULL AUTO_INCREMENT COMMENT '编号',
  `table_name` varchar(200) CHARACTER SET utf8 COLLATE utf8_bin NULL DEFAULT '' COMMENT '表名称',
  `table_comment` varchar(500) CHARACTER SET utf8 COLLATE utf8_bin NULL DEFAULT '' COMMENT '表描述',
  `sub_table_name` varchar(64) CHARACTER SET utf8 COLLATE utf8_bin NULL DEFAULT NULL COMMENT '关联子表的表名',
  `sub_table_fk_name` varchar(64) CHARACTER SET utf8 COLLATE utf8_bin NULL DEFAULT NULL COMMENT '子表关联的外键名',
  `class_name` varchar(100) CHARACTER SET utf8 COLLATE utf8_bin NULL DEFAULT '' COMMENT '实体类名称',
  `tpl_category` varchar(200) CHARACTER SET utf8 COLLATE utf8_bin NULL DEFAULT 'crud' COMMENT '使用的模板（crud单表操作 tree树表操作）',
  `tpl_web_type` varchar(30) CHARACTER SET utf8 COLLATE utf8_bin NULL DEFAULT '' COMMENT '前端模板类型（element-ui模版 element-plus模版）',
  `package_name` varchar(100) CHARACTER SET utf8 COLLATE utf8_bin NULL DEFAULT NULL COMMENT '生成包路径',
  `module_name` varchar(30) CHARACTER SET utf8 COLLATE utf8_bin NULL DEFAULT NULL COMMENT '生成模块名',
  `business_name` varchar(30) CHARACTER SET utf8 COLLATE utf8_bin NULL DEFAULT NULL COMMENT '生成业务名',
  `function_name` varchar(50) CHARACTER SET utf8 COLLATE utf8_bin NULL DEFAULT NULL COMMENT '生成功能名',
  `function_author` varchar(50) CHARACTER SET utf8 COLLATE utf8_bin NULL DEFAULT NULL COMMENT '生成功能作者',
  `gen_type` char(1) CHARACTER SET utf8 COLLATE utf8_bin NULL DEFAULT '0' COMMENT '生成代码方式（0zip压缩包 1自定义路径）',
  `gen_path` varchar(200) CHARACTER SET utf8 COLLATE utf8_bin NULL DEFAULT '/' COMMENT '生成路径（不填默认项目路径）',
  `options` varchar(1000) CHARACTER SET utf8 COLLATE utf8_bin NULL DEFAULT NULL COMMENT '其它生成选项',
  `create_by` varchar(64) CHARACTER SET utf8 COLLATE utf8_bin NULL DEFAULT '' COMMENT '创建者',
  `create_time` datetime(0) NULL DEFAULT NULL COMMENT '创建时间',
  `update_by` varchar(64) CHARACTER SET utf8 COLLATE utf8_bin NULL DEFAULT '' COMMENT '更新者',
  `update_time` datetime(0) NULL DEFAULT NULL COMMENT '更新时间',
  `remark` varchar(500) CHARACTER SET utf8 COLLATE utf8_bin NULL DEFAULT NULL COMMENT '备注',
  PRIMARY KEY (`table_id`) USING BTREE
) ENGINE = InnoDB AUTO_INCREMENT = 2 CHARACTER SET = utf8 COLLATE = utf8_bin COMMENT = '代码生成业务表' ROW_FORMAT = Dynamic;

-- ----------------------------
-- Records of gen_table
-- ----------------------------
INSERT INTO `gen_table` VALUES (2, 'news', '展示新闻信息', NULL, NULL, 'News', 'crud', 'element-plus', 'com.ruoyi.system', 'system', 'news', '展示新闻内容', 'ruoyi', '0', '/', '{}', 'admin', '2025-01-13 19:52:18', '', '2025-01-13 19:53:47', NULL);

-- ----------------------------
-- Table structure for gen_table_column
-- ----------------------------
DROP TABLE IF EXISTS `gen_table_column`;
CREATE TABLE `gen_table_column`  (
  `column_id` bigint(0) NOT NULL AUTO_INCREMENT COMMENT '编号',
  `table_id` bigint(0) NULL DEFAULT NULL COMMENT '归属表编号',
  `column_name` varchar(200) CHARACTER SET utf8 COLLATE utf8_bin NULL DEFAULT NULL COMMENT '列名称',
  `column_comment` varchar(500) CHARACTER SET utf8 COLLATE utf8_bin NULL DEFAULT NULL COMMENT '列描述',
  `column_type` varchar(100) CHARACTER SET utf8 COLLATE utf8_bin NULL DEFAULT NULL COMMENT '列类型',
  `java_type` varchar(500) CHARACTER SET utf8 COLLATE utf8_bin NULL DEFAULT NULL COMMENT 'JAVA类型',
  `java_field` varchar(200) CHARACTER SET utf8 COLLATE utf8_bin NULL DEFAULT NULL COMMENT 'JAVA字段名',
  `is_pk` char(1) CHARACTER SET utf8 COLLATE utf8_bin NULL DEFAULT NULL COMMENT '是否主键（1是）',
  `is_increment` char(1) CHARACTER SET utf8 COLLATE utf8_bin NULL DEFAULT NULL COMMENT '是否自增（1是）',
  `is_required` char(1) CHARACTER SET utf8 COLLATE utf8_bin NULL DEFAULT NULL COMMENT '是否必填（1是）',
  `is_insert` char(1) CHARACTER SET utf8 COLLATE utf8_bin NULL DEFAULT NULL COMMENT '是否为插入字段（1是）',
  `is_edit` char(1) CHARACTER SET utf8 COLLATE utf8_bin NULL DEFAULT NULL COMMENT '是否编辑字段（1是）',
  `is_list` char(1) CHARACTER SET utf8 COLLATE utf8_bin NULL DEFAULT NULL COMMENT '是否列表字段（1是）',
  `is_query` char(1) CHARACTER SET utf8 COLLATE utf8_bin NULL DEFAULT NULL COMMENT '是否查询字段（1是）',
  `query_type` varchar(200) CHARACTER SET utf8 COLLATE utf8_bin NULL DEFAULT 'EQ' COMMENT '查询方式（等于、不等于、大于、小于、范围）',
  `html_type` varchar(200) CHARACTER SET utf8 COLLATE utf8_bin NULL DEFAULT NULL COMMENT '显示类型（文本框、文本域、下拉框、复选框、单选框、日期控件）',
  `dict_type` varchar(200) CHARACTER SET utf8 COLLATE utf8_bin NULL DEFAULT '' COMMENT '字典类型',
  `sort` int(0) NULL DEFAULT NULL COMMENT '排序',
  `create_by` varchar(64) CHARACTER SET utf8 COLLATE utf8_bin NULL DEFAULT '' COMMENT '创建者',
  `create_time` datetime(0) NULL DEFAULT NULL COMMENT '创建时间',
  `update_by` varchar(64) CHARACTER SET utf8 COLLATE utf8_bin NULL DEFAULT '' COMMENT '更新者',
  `update_time` datetime(0) NULL DEFAULT NULL COMMENT '更新时间',
  PRIMARY KEY (`column_id`) USING BTREE
) ENGINE = InnoDB AUTO_INCREMENT = 11 CHARACTER SET = utf8 COLLATE = utf8_bin COMMENT = '代码生成业务表字段' ROW_FORMAT = Dynamic;

-- ----------------------------
-- Records of gen_table_column
-- ----------------------------
INSERT INTO `gen_table_column` VALUES (4, 2, 'id', NULL, 'int', 'Long', 'id', '0', '0', '0', '1', NULL, NULL, NULL, 'EQ', 'input', '', 1, 'admin', '2025-01-13 19:52:18', '', '2025-01-13 19:53:47');
INSERT INTO `gen_table_column` VALUES (5, 2, 'title', NULL, 'varchar(100)', 'String', 'title', '0', '0', '0', '1', '1', '1', '1', 'EQ', 'input', '', 2, 'admin', '2025-01-13 19:52:18', '', '2025-01-13 19:53:47');
INSERT INTO `gen_table_column` VALUES (6, 2, 'content', NULL, 'varchar(2005)', 'String', 'content', '0', '0', '0', '1', '1', '1', '1', 'EQ', 'editor', '', 3, 'admin', '2025-01-13 19:52:18', '', '2025-01-13 19:53:47');
INSERT INTO `gen_table_column` VALUES (7, 2, 'time', NULL, 'varchar(50)', 'String', 'time', '0', '0', '0', '1', '1', '1', '1', 'EQ', 'input', '', 4, 'admin', '2025-01-13 19:52:18', '', '2025-01-13 19:53:47');
INSERT INTO `gen_table_column` VALUES (8, 2, 'update_time', NULL, 'varchar(50)', 'String', 'updateTime', '0', '0', '0', '1', '1', NULL, NULL, 'EQ', 'input', '', 5, 'admin', '2025-01-13 19:52:18', '', '2025-01-13 19:53:47');
INSERT INTO `gen_table_column` VALUES (9, 2, 'category', NULL, 'varchar(50)', 'String', 'category', '0', '0', '0', '1', '1', '1', '1', 'EQ', 'input', '', 6, 'admin', '2025-01-13 19:52:18', '', '2025-01-13 19:53:47');
INSERT INTO `gen_table_column` VALUES (10, 2, 'push_name', NULL, 'varchar(100)', 'String', 'pushName', '0', '0', '0', '1', '1', '1', '1', 'LIKE', 'input', '', 7, 'admin', '2025-01-13 19:52:18', '', '2025-01-13 19:53:47');
INSERT INTO `gen_table_column` VALUES (11, 2, 'click_num', NULL, 'int', 'Long', 'clickNum', '0', '0', '0', '1', '1', '1', '1', 'EQ', 'input', '', 8, 'admin', '2025-01-13 19:52:18', '', '2025-01-13 19:53:47');

-- ----------------------------
-- Table structure for news
-- ----------------------------
DROP TABLE IF EXISTS `news`;
CREATE TABLE `news`  (
  `id` int(0) NOT NULL AUTO_INCREMENT,
  `title` varchar(100) CHARACTER SET utf8 COLLATE utf8_bin NULL DEFAULT NULL,
  `content` varchar(2005) CHARACTER SET utf8 COLLATE utf8_bin NULL DEFAULT NULL,
  `time` varchar(50) CHARACTER SET utf8 COLLATE utf8_bin NULL DEFAULT NULL,
  `update_time` varchar(50) CHARACTER SET utf8 COLLATE utf8_bin NULL DEFAULT NULL,
  `category` varchar(50) CHARACTER SET utf8 COLLATE utf8_bin NULL DEFAULT NULL,
  `push_name` varchar(100) CHARACTER SET utf8 COLLATE utf8_bin NULL DEFAULT NULL,
  `click_num` int(0) NULL DEFAULT NULL,
  PRIMARY KEY (`id`) USING BTREE
) ENGINE = InnoDB AUTO_INCREMENT = 90 CHARACTER SET = utf8 COLLATE = utf8_bin ROW_FORMAT = Dynamic;

-- ----------------------------
-- Records of news
-- ----------------------------
INSERT INTO `news` VALUES (1, '增资金入场 沪胶强势创年内新高', '本报讯 上海天然橡胶期价周三再创年内新高，主力合约突破21000元/吨重要关口。分析师指出，由于橡胶现货需求强劲，但供应却因主产国降雨天气而紧俏。同时国内有望出台新汽车刺激方案，沪胶后市有望延续强势。\n　　经过两个交易日的强势调整后，昨日上海天然橡胶期货价格再度大幅上扬，在收盘前1小时，大量场外资金涌入，主力1003合约强劲飙升很快升穿21000 元/吨整数关口，终盘报收于21,400元/吨，上涨2.27%，较前一日结算价上涨475元/吨，成交量为736,816手，持仓量为225,046 手。当日整体市场增仓3.4万余手。\n　　从盘后交易所持仓来看，两大主力多头金鹏期货和成都倍特期货略微增几百手，继续保持多头前两名位置，而主力多头新湖期货增仓3344手，值得注意的是，永安期货昨日空翻多，增加多仓1837手，其多头持仓增加至7021手，而净持仓增加至1813 手；空头两大主力则继续大幅增仓，其中浙江大地增仓2522手至17294手，银河期货增仓1075手至7086手。\n　　与此同时，东京商品交易所橡胶期货也强势上扬，基准4月合约再创13个月新高。截止北京时间昨日下午16点46分报241.5日元/公斤，较前日收盘涨3.2日元。\n　　金鹏期货北京海鹰路营业部总经理陈旭指出，近期沪胶受资金推动持续升创年内新高，而橡胶现货需求强劲，但供应却因主产国降雨天气而紧张。同时国内有望出台新汽车刺激方案，因此沪胶后市有望延续强势。\n　　泰国橡胶协会秘书长Prapas Euanontat16日表示，因暴雨中断生产，2009年该国橡胶产量可能下降约10%，为270万吨至280万吨。另据日本橡胶贸易协会最新数据，截至11月10日，该国天然橡胶库存较10月31日时的库存量下滑3.4%，至3902吨，创纪录新低。\n　　据国家统计局公布的最新数据显示，9月份国内轮胎产量较2008年同期增长27%至5,810万条，较8月份增长10%。1-9月份轮胎总产量增长13%至4.814亿条。这表明在特保案发生前，中国的轮胎出口已经产生巨大的需求，特保案生效也可能不会太大地削弱市场规模。\n　　陈旭表示，国家仍将汽车行业作为拉动经济增长的重要手段，这可能会在近期即将召开的经济会议中得到体现，中国扩大内需的方针正刺激天胶等原材料消费，引起贸易商囤积库存。不过，也有分析师表示，国内橡胶库存高企，逼近13万吨，且随着主产国降雨天气结束供应将持续增加，因此沪胶后市上行空间有限。', '2025-1-16', '2025-01-16', '财经', '魏曙光', 3);
INSERT INTO `news` VALUES (2, '摩托罗拉：GPON在FTTH中比EPON更有优势', '2009年，在国内光进铜退的火热趋势下，摩托罗拉携其在国际市场上已经获得丰富运营经验的GPON解决方案，大举进入中国的光通信市场。对于这一个时间点的选择，摩托罗拉宽带及移动网络事业部网络接入解决方案部全球营销与传播总监FloydWagoner的解释是：中国利用GPON推进光线到户的时机正在趋于成熟，而摩托罗拉在国际上的GPON研发和运营经验，可以更好地提升国内运营商推进FTTH的效率。\n　　GPON的国际性优势\n　　在亚洲地区，推进光线到户的多种技术中，EPON一直是非常强大并且主流的技术。而在亚洲以外的国际很多地区，运营商都开始越来越多地关注GPON，今年GPON预计占到全球光纤到户市场的40%。\n　　在FloydWagoner看来，EPON虽然仍然强大，而GPON的实力在显著加强。\n　　在带宽方面，GPON比EPON上下行带宽都加强了至少一倍。因为EPON利用率相对于GPON要低一些，在相同的用户部署、相同终端情况下，统计数据表明EPON支持上、下行29Mbit/s的带宽，而GPON可以达到下行79Mbit/s上行37Mbit/s的实际带宽，从根本上提升了对数据业务的支持。\n　　在服务的质量保证(QoS)上，目前EPON的业务主要是数据业务，而运营商要推广三网融合等复杂的业务，服务质量保证要求会更高。在这方面，GPON有了更好的机制来保证多业务服务质量的实现。\n　　此外，在部署的方便性上，光线路中的光功率意味着传输距离的长短。EPON的速率是24dB，而GPON是28dB，在相同的条件下，GPON的传输距离更远。运营商可以把ONT布置在更远的位置，节省线路的成本，将来可以覆盖更多、更远的终端单元。\n　　综合比较，无论在技术方面还是在业务保障方面以及在材料方面，GPON到现在为止所体现的趋势更加地优于EPON。而且GPON的成本价格已经下降很多，得到越来越多的运营商的青睐。目前国内中国电信、中国联通以及中国移动都已经表示过把GPON作为下一步光网络发展的优选。\n　　创新性的GPONONT和OLT\n　　据FloydWagoner介绍，凭借在全球FTTH领域积累的经验，摩托罗拉开发了创新产品，以满足服务供应商提供更低密度的OLT、满足更高密度的 MDU环境以及具集成功能的室内ONT等方面的需求。创新性的GPONONT和OLT，可以将光纤延伸至服务供应商网络的边缘，从而保证用户在任何地方都能享用端到端的超宽带服务。同时，摩托罗拉的FTTH网元管理系统AXSvision，还能简化网管界面，并帮助运营商加速新型、丰富的个性化娱乐业务推出速度。', '2025-1-13', NULL, '科技', '鲁义轩', 2000);
INSERT INTO `news` VALUES (3, '时尚评论：两个中国人在巴黎(图)', '这是设计师谢锋第五次在巴黎时装周上亮相。两年多来，他和他的团队对发布会的制作流程已经上手，但忐忑不安的心情却从没改变。这是台湾时装品牌夏姿-陈首次参加巴黎时装周。“哪怕做得不好，既然来了，下次就还得来。”这是设计师王太从一开始就下定的决心。中国设计师在巴黎如何表现？他们是否已经进入了欧洲的主流话语体系？他们距离真正意义上的成功还有多远？\n　　2008/10/1\n　　三个纸板箱，两口大行李箱-Jefen by Frankie 新一季的系列在巴黎时间10 月1 日晚上9 点半抵达戴高乐机场。同行的还有Jefen 的团队，包括随行化妆师和摄影师，一行总共7人。\n　　这是设计师谢锋第五次参加巴黎时装周。他本人已经提前一周到达巴黎。以往四季，Jefen by Frankie 的发布会都被安排在巴黎时装周的第一天，这一次的日程则改到最后一天。筹备的时间增加了，工作节奏也有所改变。“这次我没时间去看别的品牌发布。”谢锋说。在首都机场候机时，Jefen 的国际发展总监张吉吉说起本季的主题“桃花源”。“谢锋用了很多黑色，本来我们担心颜色会不会太深，”他说，“但是这两天看下来，一线品牌的发布都是黑压压一片，我跟他打电话说，这下就放心了。”\n　　2008/10/2\n　　入秋后的巴黎在下过几场雨之后急速降温，已有寒风刺骨之势。短暂休息了几个小时，工作人员就从酒店出发前往Jefen 位于Montmartre 路的工作室。巴黎的制作团队已经把服装全部拆包挂好。距离10 月5 日的发布会还剩3 天，在最后阶段，团队对服装搭配和长度等仍会做出调整，此外一些在国内没有备齐的配件，比如袜子和底裤也要在巴黎继续完成。接下来的两天将会非常忙碌。这是造型师Catherine Hebert第一次与谢锋合作。之前合作了四季的造型师风格更为商业化，这一次谢锋则听取国际公关2e Bureau 的意见，起用新的造型师，希望能获得更突出个性的效果。“应该给人以什么样的印象，我们其实也并不明确。”谢锋说，“这一次的风格会更艺术化。”\n　　随服装一同运来的高跟鞋在墙角一溜排开。同样的一款鞋， 从外形上看不出明显的区别，在中国的制作价格是400 元人民币，在意大利制作却要花费上万元之多。\n　　谢锋在9 点半到达工作室，立刻与工作人员开了一个短会，决定接下来几天的工作方式。以前几季的发布都安排在时装周第一天，因而在筹备阶段，模特可以按照约定的时间来面试。这一次的日程改到最后一天，在各大秀场奔忙的模特只能见缝插针地过来。因此在2日到3 日的两天时间里，面试和试装的工作需要零星完成，同时要确定的还有全部36 个造型。至于发型、化妆和音乐则只有利用晚上的时间商议完成。秀场布景的最后方案也尚未确定，目前有两个选择，如何定夺，恐怕要视预算而定。\n　　在会议桌上提起的还有关于中国模特的问题。以往Jefen 都会让中国模特展示第一和最后一个造型，去年没有选到合适的，因此选用了一位蒙古模特，以保证有“中国脸”出现。而这一季，似乎中国脸已经落市，中国模特在时装周上的比例明显降低，连杜鹃也没来巴黎。实在不行，也只能再找一张中国脸了。\n　　一张照片被放到了台面上。这是一个在法国做演员的中国姑娘，秀场导演Christophe Carrere 很希望让她来走。但由于她本职并非模特，谢锋和张吉吉对此都持保守态度。“是不是压得住，还要试一试才能定。”谢锋说。\n　　新一季的系列中出现了好几件透明的下装，需要搭配肤色的内裤。然而目前看来，设计团队在国内采购的内裤颜色过灰，效果不好。为了更换合适的内裤，2 日当天必须定下所有的透明下装。\n　　在采光充足的房间尽头，服装挂满了三面墙壁。一张长桌在衣架环绕当中摆开—这就是导演Carrere、造型师Hebert 和国际公关负责人SylvieGrumbach 在接下来的几天里完成所有工作的地方。协助他们的有两位设计助理、一位板师，以及定居巴黎的配饰设计师马丽娜。负责企划的张吉吉和负责公关的宋佳在这三天里的主要工作是打电话—来宾还需要最后确定，请柬也要全部发出去。而尽管工作千头万绪，谢锋本人在最后的几天里却算不上很忙。Hebert 在过去的半年时间里已经多次往返中国，参与了大部分前期工作，在巴黎的最后调整有专业团队负责完成。而谢锋这几天的主要工作就是接受媒体采访。', '2025-1-13', NULL, '时尚', '夏姿-陈', 3000);
INSERT INTO `news` VALUES (4, '中国女子公开赛崔慧用5杆领先晋级 珊珊排名第八', '新浪体育讯　(12月20日，福建厦门)虽然没有星期四发挥得那么理想，被称之为“水姑娘”的崔慧用仍然控制着东方中国女子公开赛领先榜，第二轮结束之后她已经领先5杆了。\n　　韩国选手崔慧用在厦门东方高尔夫俱乐部打出71杆，低于标准杆1杆，两轮成绩为136杆(65-71)，低于标准杆8杆，星期天将向职业生涯第二个冠军迈进。郑惠珍(71)、金?宣(73)和韩国女子巡回赛排名第二位的徐希炅(74)以141杆，低于标准杆2杆位于并列第二位。中华台北选手吕晓娟打出70杆，低于标准杆2杆之后，与韩国女子巡回赛排名第三位的金何娜一起位于并列第五位。中国第一个LPGA球手冯珊珊打出71杆之后，以144杆，平标准杆单独位于第八位。\n　　“今天不如昨天的主要原因是前半阶段，我的推杆不是很好，乱了阵脚。”2006年多哈亚运会铜牌得主崔慧用说，“可是我后来调整了过来，推杆恢复到原来的水平。总体来说今天是平淡的一天。”\n　　与昨天的65杆，低于标准杆7杆比较起来，崔慧用星期六的表现的确可以用“平淡”来形容。她没有抓到昨天那么多小鸟(合计8只)，另外柏忌也多了一个。如果说这两轮的比赛还有什么相同的话，崔慧用昨天和今天都在第18洞吞下了柏忌。\n　　“第18洞对于我来说的确比较难。昨天，我在第18洞的问题主要是击球。”崔慧用说，“今天我可能出现更大的灾难，有可能吞下双柏忌。我最终以柏忌结束已经很满意了。”最后一洞，崔慧用的保帕推杆没有推进，留下了一个尴尬的距离，不过她拿下那一推，避免了更大的灾难。\n　　其实第18洞不止崔慧用一个人犯错，那三位排名第二位的选手也在该洞吞下了柏忌，这让夺冠局面呈现一边倒的局面。可是崔慧用并不敢掉以轻心：“的确，现在我领先5杆，可是比赛还有18个洞，我并不敢掉以轻心。现在要说夺冠还为时尚早。排名第二位的三位选手都是非常优秀的选手，说不上谁是主要对手，她们都会带给我巨大的挑战。”\n　　崔慧用大概从10岁开始接触高尔夫，但是那个时候她并没有太在意。那个时候的她热爱各种体育运动。可是自从12岁成为韩国国家队的一员以来，崔慧用就变得专心起来，非常骄傲自己可以当高尔夫球员。以朴世莉为偶像，崔慧用正在一步步向世界高尔夫名人堂成员的道路前进。2006年代表韩国参加亚运会赢得了团体金牌，崔慧用个人拿到了铜牌，那一年她当选为最佳业余球手。2007年，她以业余身份参加了英国女子公开赛，2008年，她在韩巡赛上夺取一个冠军之后，最终当选为韩巡赛年度最佳新人。\n　　中国排名第一位的冯珊珊目前落后领先者8杆，可是在星期天她仍要为了荣誉而战，因为这是中国的国家级公开赛。“今天我的表现比昨天好了一些，不知道为什么，我仍旧感到一些紧张，特别是第一洞的时候。”冯珊珊说，“过去两天，我主要是推杆表现不太理想，另外我不应该失误的切杆也失误了。不过我仍然充满了信心，希望在星期天杀入前五位。\n　　“我想中国选手之所以在这场比赛中的表现不如韩国选手，是因为她们的比赛经验不如韩国选手。”', '2025-1-13', NULL, '体育', '新浪体育讯', 4000);
INSERT INTO `news` VALUES (11, '黄蜂vs湖人首发：科比带伤战保罗 加索尔救赎之战', '\n    新浪体育讯北京时间4月27日，NBA季后赛首轮洛杉矶湖人主场迎战新奥尔良黄蜂，此前的比赛中，双方战成2-2平，因此本场比赛对于两支球队来说都非常重要，赛前双方也公布了首发阵容：\n    湖人队：费舍尔、科比、阿泰斯特、加索尔、拜纳姆\n    黄蜂队：保罗、贝里内利、阿里扎、兰德里、奥卡福\n    [新浪NBA官方微博][新浪NBA湖人新闻动态微博][新浪NBA专题][黄蜂vs湖人图文直播室](新浪体育)\n    ', '2025-01-16 13:56:18.433108', NULL, '体育', '新浪体育', 5000);
INSERT INTO `news` VALUES (12, '1.7秒神之一击救马刺王朝于危难 这个新秀有点牛！', '\n    新浪体育讯在刚刚结束的比赛中，回到主场的马刺通过加时以110-103惊险地战胜了灰熊，避免了让主场观众见证黑八的尴尬。在常规时间的最后关头，加里-尼尔命中一记大号三分，这个进球也帮助马刺把比赛带进了加时，并最终翻盘成功。“波波维奇教练安排得很详细，他告诉我有机会就要出手。邓肯的掩护做得很好，他帮我完全挡住了对方的防守球员，我投篮的视野非常好，于是我就出手了。”即使命中了这记价值连城的球，尼尔依然保持着低调。在被问及这是不是他职业生涯最重要的投篮时，他说：“没错，到目前为止是的。”赛季前从没有人听说过的尼尔，如今成为了西部第一马刺不可缺少的拼图，并且在季后赛“赢球或者回家钓鱼”的关键比赛中命中帮助球队续命的关键球。在这成功的背后，隐藏着一段鲜为人知的艰难历程。大一时他效力于拉塞尔大学，拿下A-10赛区的最佳新人，然而一宗强奸指控使得他被球队开除，只好转去了名不见经传的图森大学。虽然在这里他打出了很漂亮的数据和表现，但无奈于身高不足，学校不够好而在选秀中落选。落选后没有任何一个NBA球队和他签下短合同或者是邀请他参加训练营，他并没有选择在小联盟混迹，而是去做了薪水微薄的高中教师。一段时间后，土耳其的一个名不见经传的小俱乐部邀请他去打球，怀着终于可以有球可打的激动心情，他踏上了欧洲之旅。正是在这个小球队，他打出了名气，一举成为土耳其联赛中最耀眼的明星。一年以后他被西班牙豪门巴塞罗那看中，和曾在NBA混迹的纳瓦罗，阿根廷国家队主控桑切斯并肩作战。随后这名来自异国的流浪汉又辗转了意大利贝纳通和西班牙马拉加两只在欧洲颇具实力的队伍，经历了三年在大洋彼岸的磨练后，马刺的一纸三年合约终于让他实现了最初的梦想。在马刺的尼尔时常会让人想起同是旅欧归来的鲍文。虽然在欧洲时是顶尖的得分好手，但在波波维奇麾下，兢兢业业地防守，投中空位三分，做一名完美的角色球员。在很多人眼中的尼尔似乎只是一个普通射手，但他的能力远不止如此，今天比赛的准绝杀证明他有一颗超人不能及的大心脏。(francischen)\n    ', '2025-01-16 14:02:32.698307', NULL, '体育', '新浪体育', 9817);
INSERT INTO `news` VALUES (13, '1人灭掘金！神般杜兰特！ 他想要分的时候没人能挡', '\n    新浪体育讯在NBA的世界里，真的猛男，敢于直面惨淡的手感，敢于正视落后的局面，然后用一己之力，力挽狂澜，点燃球迷激情，最后微微一笑，带领球队在季后赛的战场上赢下比赛，并进入下一轮，今日雷霆凯文-杜兰特所做的，无非就是这样的事情。巨星这个东西很难定义，有时候你就是30分30板也未必能得到一个巨星名头，反而会有可能会被称为刷子，而巨星不仅是数据上能够出类拔萃，也不仅仅是能够帮助球队赢球，从意志力层面上来讲，母队比赛快输了，队友的腿都开始抖了，所有人都在看着你，球都到了你手中，此时你上去扶大厦于将倾，这，才是真巨星范儿。而今天的比赛中，杜兰特的手感其实并不好，他在全场比赛还剩下5分31秒之前，只有19投8中，雷霆也以80-87落后掘金7分之多，而在剩下的比赛中，他一人8投6中，其中包括一个三分球，再加上3次罚球，狂砍16分，最终雷霆也在主场以100-97战胜对手，昂首晋级次轮，而且，在终场前9秒，是杜兰特亲手封盖了J.R.-史密斯的三分出手，也亲手送掘金回家钓鱼。而且，在雷霆最后5分31秒内这波20-10的进攻高潮中，除了拉塞尔-威斯布鲁克造犯规2罚1中得1分以外，还有16分为杜兰特自己所得，剩下的那个詹姆斯-哈登的三分球，也来自于杜兰特的助攻！也就是说，除了1分，杜兰特几乎包办了雷霆最后时刻的所有进攻，也等于是杜兰特一个人，就决定了这场比赛，也决定了整个系列赛！少年是最锋利的刀，没有谁比年仅23岁的连续两届得分王杜兰特更想在季后赛里证明自己了！在常规赛MVP的评选中，所有人都在谈论德里克-罗斯的进步，间或有人认为勒布朗-詹姆斯也相当不错，但是几乎没有人会想到杜兰特，没有人会想到这个将去年才勉强西部第八晋级季后赛的球队带到今年首轮便获得主场优势的少年，所有人都被他的得分王的表象所迷惑，很难看清楚他究竟对目前这支雷霆队有着怎样的MVP级别的影响力。甚至有人说过，雷霆今年的进步之大，与威斯布鲁克的成长之快有很大的联系，谁是雷霆真领袖尚未可知。那么我们来看看本场比赛之中威斯布鲁克干了些什么吧，在杜兰特接管比赛之前，威斯布鲁克的手感状态也不很好，但是球队也给了他决定比赛走向的机会。第四节威少登场的时候，雷霆以76-83同样落后7分，威少一击三分球，全场球迷也登时沸腾了起来。但是在后面的几次进攻中，威少也想展示巨星风采，但是他失败了，他贡献给球队的是一次跳投不中，一次三分不中。而连续两次进攻不中之后，分差再度被拉开到7分，此后便有了杜兰特的那一段经典的个人独秀。然而当杜兰特投中独秀中第一个中投时，威少认为球队依然由他掌控，便又一次尝试了单打，结果依然是不中，而后他甚至在一次上篮中被威尔森-钱德勒赏了一击大帽。自这以后，威少除了一次造犯规以外，便再也没有敢自己单干，因为，包括他在内，所有雷霆队员，都已经成为了杜兰特的观众。此一役之后，杜兰特和威少的球队地位以及终结能力高下立判，而杜兰特是一个沉静且善于团结队友的人，用场上实力令威少信服的他，在接下来的比赛中，应该能带着这支青年军走得更远。(三儿)\n    ', '2025-01-16 14:04:33.297223', NULL, '体育', '新浪体育', 7811);
INSERT INTO `news` VALUES (14, '韩国国奥20人名单：朴周永领衔 两世界杯国脚入选', '\n    新浪体育讯据韩联社首尔9月17日电 韩国国奥队主教练洪明甫17日下午在位于首尔钟路区的足球会馆召开记者会，公布了参加2010年广州亚运会足球赛的国奥队20人名单。在2010年南非世界杯上立功的朴周永(25岁)和金正友(28岁)成功入选。亚运会男子足球赛规定参赛选手年龄不得超过23岁，但作为外卡每队最多可选用3名24岁以上的选手，而洪明补只选了朴周永和金正友两人。在苏格兰出场机会不多的寄诚庸也将参加亚运会。以下是广州亚运会国奥队名单：守门员：金承圭、李范荣；后卫：洪正好、金英权、金周永、张硕元、洪哲、尹锡英、申光勋、吴宰锡；中场：具子哲、寄诚庸、金正友、金民友、徐正镇、金甫炅、曹永哲；前锋：朴周永、朴喜成、池东元。(新体)\n    ', '2025-01-16 14:05:28.948616', NULL, '体育', '新浪体育', 8072);
INSERT INTO `news` VALUES (15, '天才中锋崇拜王治郅 周琦：球员最终是靠实力说话', '\n    2月14日从土耳其男篮邀请赛回到北京之后，周琦马上转机返回辽宁，由于之前比赛打得很辛苦，再加之时差的问题，第二天他一觉睡到了中午。接下来的两天里，周琦感觉比在赛场还要辛苦，因为既要继续坚持训练，还要应付多家媒体的采访邀请，这可是小周琦以前从未遇到过的事情，太多的短信和电话让他的手机一度“瘫痪”。“其实我真不愿意说，我现在还没什么成绩呢。”只有15岁就要应付如此大的荣誉和压力，周琦能否坚持住？“还好，我把他们都看成是督促我前进的动力就好了。”话题重新回到土耳其，周琦依然处在兴奋之中。说到刚刚过去的比赛，周琦说，虽然知道这只是一个邀请赛，而美国、西班牙等强国也没有参加，但是自己还是把它完全当成国际级的正式比赛来对待，“实战的机会毕竟很珍贵嘛。”周琦说。但是一到了赛场，周琦发现很多对手还是很有实力的，让他记忆最深刻的一场比赛不是决赛中险胜东道主土耳其，而是半决赛中与德国拼满3个加时，“那场真是打得很艰难，德国队员的顽强是世界闻名的，不过我们的作风也不输给他们，最后赢球了很高兴。”聪明的周琦不光记住了赢球，还在比赛中注意观察场上的对手，比如德国的一位中锋身体很强硬，而土耳其的中锋技术很扎实，比赛之后，周琦会将对手的表现熟记于心，然后吸取他们身上的长处，充实到自己的训练当中。尽管在接受采访时，周琦表示自己既不做第二个姚明，也不想做第二个王治郅，只想走自己的路，但是周琦的确将王治郅视为自己的偶像，训练或是比赛中的某些动作会不经意地模仿偶像。“我会给自己树立一个标杆，向着那样的方向去努力。无论外界对我有什么样的评价，我一直相信，球员最终是要靠实力说话的。”\n    ', '2025-01-16 14:06:15.359780', NULL, '体育', '新浪体育', 4330);
INSERT INTO `news` VALUES (16, '22+11!生涯最亮光辉 波什苦等8年终破首轮处男身', '\n    新浪体育讯迈阿密热火主场97-91击败费城76人，总比分4-1淘汰对手晋级第二轮，即将迎战凯尔特人。波什登场40分钟，贡献22分11个篮板。对于他更具意义的是，这是波什2003年加入联盟以来，8年内第一次突破季后赛首轮！三巨头聚义迈阿密，大家更关注的是勒布朗-詹姆斯和德维恩-韦德，然而波什压抑已久的内心也早已悸动，这才是他愿意降薪来热火的原因。詹姆斯和韦德厌倦了孤军奋战，但他们至少都有过辉煌履历，韦德有一枚总冠军戒指，詹姆斯也曾打进总决赛。三巨头中只有波什最惨，8年了！他只在2007年和2008年打过两次季后赛，而且都是首轮出局。因此今天一战，对波什有着特殊意义。热火开局并没有兑现他们赛前的诺言，开局又被76人打了一个5-0，多亏波什挺身而出，接到詹姆斯的传球，一记暴扣为热火拿到两分。热火在首节中段开始反击，波什的跳投拉吹响了号角，一波13-2顺利在首节结束时实现反超。次节比赛上来，热火选入短暂的得分荒，前两分钟没有人得分，还是波什站了出来，他在9分16秒时补篮得手，让热火29-27再次取得领先。霍乐迪的上篮让76人追到只剩下一分，又是波什强打篮下造成布兰德犯规，两罚全中。3分54秒，布兰德的扣篮让76人反超，不过波什随即有用一次中距离跳投追平比分。半场比赛结束时波什只有10分进账，虽然不算多，但每一分都是在关键时刻取得，同时他还抢下了7个篮板。可以说热火能在上半场稳住局势，波什是最大的功臣，要知道詹姆斯上半场手感甚是冰冷，只有6投1中。第三节波什再次成为热火的主攻点，上来就是一个跳投得手，紧跟着又造成米克斯犯规，两罚一中。伊戈达拉连拿四分为76人追平之后，波什不甘示弱同样连得4分，让热火继续保持领先。前三节打完，波什已经贡献了17分8个篮板。第四节比赛，热火靠着韦德的一波流，本已奠定10分的领先优势，可谁知不服输的76人愣是在还剩2分39秒时追到只剩下两分，关键时刻，波什连续获得四次罚球机会，冷静的全部罚中，热火的领先优势再次回到了3分，最终76人在热火精准的罚球之下无力回天，输掉了比赛，也被淘汰出了季后赛。纵观整场，波什表现非常稳定，22分11个篮板的数据非常抢眼，而在这11个篮板中又有5个前场板，为全队最高，凸显了他在这场比赛中的积极性。细心观察数据可以发现，波什的22分中，有14分是来自运动战，而着在这14分当中，又有5次是来自队友的助攻，其中韦德助攻波什3次，詹姆斯助攻他2次。可能球迷还记得上一场詹姆斯与对手发生冲突时，是波什第一个挺身而出，舍身护住詹姆斯，正是这一举动加深了詹姆斯对波什的好感，也赢得了的队友对他的信任。比赛中，我们可以看到波什并不是一个人孤单的战斗，詹姆斯在自己手感不佳的时候，第一个想到的就是波什。有了这份信任，我们也有理由相信波什会在接下来的比赛中有更好的发挥。正如波什赛后所说，他来到迈阿密可不是只为了破个首轮处男身，三巨头的目标不言而喻，下一个挡在他们面前的就是凯尔特人了。(carry)\n    ', '2025-01-16 14:07:09.628050', NULL, '体育', '新浪体育', 2288);
INSERT INTO `news` VALUES (17, '26+11+7热火杀神真被逼急了 若非他皇帝靠谁来拯救', '\n    在勒布朗-詹姆斯状态稍显低迷的情况下，德维恩-韦德承担起来掌控热火进攻的重任。而韦德的表现也丝毫没有令人失望，全场比赛他砍下了26分11篮板7助攻的准三双表现。上半场比赛，颇有些低迷的热火跟76人打得难解难分，韦德砍下了10分虽然不多，却也能够帮助热火3分领先对手。韦德相当不错的表现也在某种程度上掩盖了詹姆斯上半场的低迷，后者上半场仅仅6投1中拿到3分。事实上，热火这场比赛最低迷的人是迈克-毕比，他上了不到五分钟就被换下，随后的比赛都被雪藏起来。而除了毕比之外，热火的其他控卫都是不折不扣的角色球员，如此一来发动球队进攻的任务就完全落到了韦德和詹姆斯的肩上。好在两大巨头都已经熟悉了这样的任务，而韦德在完成组织任务的同时个人进攻还打得非常好。由于比赛之前热火已经3-1领先，76人拼死一搏的气势让他们一直紧紧咬住比分。这也逼迫在第四节打出了一些超级表现。韦德先是从正面突破，他闪电般的脚步让76人根本无从防守，随后他在禁区边上高高跃起，一记非常舒展的急停抛射帮助热火得到两分。接下来的那个回合里，韦德又持球单打，最后他的急停跳投命中让76人直接叫停。不过剩余五分钟，86-78的领先并没有让76人放弃，热火的突然哑火让他们又找寻到一丝机会。而在最关键的时刻，韦德也出现了本场比赛最大的失误，他在仅仅领先两分的时刻被吹了一次技术犯规，被76人追成89-90只差1分。如果没有这个技术犯规，热火在罚进球后76人就会落后4分，这个差距几乎就是不可逾越的了，可韦德给了76人搏三分的机会。不过还好热火最终有惊无险的拿下了比赛，韦德在最后9.3秒时命中的关键罚球成为了锁定胜局的一球。韦德这场比赛的表现算不得无可挑剔，尤其是最后时刻他因为情绪激动甚至差点酿成大错。不过在上半场最困难的时刻，是韦德站出来托起了球队。今天的表现如何并不重要，因为热火已经晋级了，而在即将和凯尔特人进行的第二轮里，打出精彩表现才是最重要的。(二六八)\n    ', '2025-01-16 14:09:27.308288', NULL, '体育', '新浪体育', 5231);
INSERT INTO `news` VALUES (18, '76人球员更衣室恶搞回应皇帝有些人连早餐都吃不完', '\n    新浪体育讯北京时间4月28日(迈阿密时间4月27日)消息  与76人的第五战前，勒布朗-詹姆斯的一个比喻引起了很多媒体的注意，结果瞬间在网上广泛传播。事情是这样的。NBA于今天上午公布了热火本周末的赛程，不管他们首轮系列赛打成什么样，都会在本周日(北京时间下周一)打比赛，对手如果不是76人(首轮第七场)就是凯尔特人(东部半决赛第一场)。热火的投篮训练结束后，有记者把这一消息告诉詹姆斯，问他这个安排对今晚的比赛有何影响？皇帝就说出了“我们只是要先吃完早餐”这一言论。詹姆斯这句话很值得回味，一方面透露了他今晚拿下76人的信心，赢比赛如同“吃个早餐”般简单，另外一方面，这场比赛不是最重要的，这只是早餐，重要的是周末与绿军的“正餐”。这句话很快就传到了76人的更衣室里，他们听到后大多都发出了冷笑。最搞笑的是路易斯-威廉姆斯， 他听到后就开始用早餐食物给眼前的队友取名字，把斯潘塞-霍伊斯叫做“Over Easy(半熟的煎蛋)”， 而把诺西奥尼则称呼为“Huevos Rancheros(农场煎蛋)”，整个更衣室一下成了欢乐的海洋。“我们不仅抗议他的这句话，甚至对他的这个类比也感到厌恶，”霍伊斯说，“很多时候，有些人连早餐 都吃不完。有些时候，你早上可能并不怎么饿，随便吃点东西就出门了……这类比太烂了。”(新浪体育 黎双富 发自迈阿密)\n    ', '2025-01-16 14:10:16.009985', NULL, '体育', '新浪体育', 2323);
INSERT INTO `news` VALUES (19, 'ESPN为科比打抱不平 老鱼：只要有手有脚他就会上', '\n    新浪体育讯北京时间4月28日，如果说季后赛首轮，湖人和黄蜂之间的比赛除了能看出卫冕冠军有点不给力之外。还能看出来的就是，舆论和球迷似乎对科比-布莱恩特还是不太信任。ESPN专栏作家戴夫-迈克麦拉明就特别针对这种不信任撰稿，到底外界还要求科比做到怎样？第五场比赛中，科比28分钟攻下全队最高的19分，还奉献了两次精彩的扣篮。结果，这些招来的居然是外界说他诈伤，实在让人很无语。实际上，就在第五场比赛之前，还有好几位骨科专家通过电台和微博发表了对科比伤情的看法，他们要求科比立即停止这些危险动作，因为稍有不慎，就有可能让他的左脚踝受到更大的伤害。至于后果，将会难以预料。可是，顽强的科比换来的又是什么呢？“我感觉还好，没觉得脚踝有骨折或是其他迹象，”第五场比赛后，科比如此解释自己拒绝深入检查时说，“即便是有问题，也没啥，我还是能打球。如果现在就让我西装革履坐在场边看球，那才真的是浪费时间。”的确，对湖人的死忠来说，这个15年来为洛杉矶带来了五座总冠军奖杯的家伙，是他们现在最应该也是最值得信任的人，没有第二选择。球迷们看不到的是，在第五场比赛开始之前和结束之后，科比的脚踝上一直是在做冰敷处理的。“我一直在用冰敷，一直在尝试用脚踝做动作，”科比说，“所以我也没办法保证睡眠，因为脚踝得不停地做动作，这个很关键，绝对不能让脚踝感觉到僵硬，从而影响到我打球。”没有超强的意志力，科比是无法在第五场带领湖人抢到赛点的。可惜的是，习惯性的偏见再一次对科比不公正了。“我们在尝试让科比相信，去接受深入检查绝对不是个坏点子。”在第五场之前的训练结束后，菲尔-杰克逊在接受采访的时候，都谈到了科比的倔强和好胜。很显然，大牌如禅师，也无法说服科比。“我可不是预言家，否则这轮比赛早结束了。不过我还是能感觉到科比会在比赛中有所发挥的，特别是在需要的时候，他一直就有那种能力。”虽然没能说服科比，但禅师还是对科比有信心。在提到科比的脚踝伤病时，老将德里克-费舍尔也是格外关心，“我试图和他走在一起，因为都知道我的脚步已经很慢了，拿我做衬托，大家可能不太会注意到科比的脚踝不适。”费舍尔也是一片好心。而谈到科比的倔强，“不管怎样，只要他有两只手和两条腿，他就肯定会打球的，在这方面，我们非常信任他。”虽然舆论有质疑，但至少，带伤的科比仍然能让队友放心，这才是最重要的。对胜利的极度渴望，是科比成功的原因，也是招徕羡慕嫉妒恨的根源。不过，在对阵黄蜂的第五场比赛之后，外界不应该再有理由对科比发难了。毕竟，他是天使城现在唯一可以信赖的擎天柱。(XWT185)\n    ', '2025-01-16 14:10:52.095613', NULL, '体育', '新浪体育', 2564);
INSERT INTO `news` VALUES (20, '今日数据趣谈：阿杜比肩魔术师 热火中锋另类纪录', '\n    新浪体育讯北京时间4月28日，NBA共进行了3场比赛。以下是今日比赛中诞生的一些有趣数据：凯文-杜兰特得到41分，率领雷霆100-97战胜掘金，从而晋级次轮。杜兰特去年11月才年满22岁，也是NBA历史上第2年轻的季后赛40+球员。最年轻纪录属于“魔术师”约翰逊，他1980年总决赛对阵76人得到42分，年仅20岁就帮助湖人问鼎联盟。德维恩-韦德、克里斯-波什和勒布朗-詹姆斯均得到至少15分10板，率领热火淘汰76人。这是过去6个赛季，首次有三人组合在季后赛做到这一点。上一次是2005年西区半决赛，太阳对阵小牛，阿玛雷-斯塔德迈尔、史蒂夫-纳什和肖恩-马里昂均得到15+10。乔尔-安东尼在还剩17秒时命中两记罚球，帮助热火战胜76人。安东尼此役打了38分59秒没有任何运动战出手，这也写就了NBA季后赛的一项另类纪录。加里-尼尔命中压哨三分，马刺拖进加时后终于110-103险胜灰熊。在尼尔之前，上一位季后赛第4节不到1秒投进扳平三分的球员，是2004年对阵篮网的昌西-比卢普斯。不过当时活塞苦战3个加时，还是最终输掉了比赛。(阿布杜猫)\n    ', '2025-01-16 14:11:28.941760', NULL, '体育', '新浪体育', 2591);
INSERT INTO `news` VALUES (21, '皮克斯首部3D动画《飞屋历险记》预告发布(图)', '\n    视频：动画片《飞屋历险记》先行版43秒预告新浪娱乐讯 迪士尼、皮克斯2009暑期3D动画力作《飞屋历险记》(Up)发布预告片，虽然这款预告片仅有43秒，并且只出现了被汽球吊起来的房屋，但门前老爷爷卡尔的一声“下午好”着实让人忍俊不禁。该片由《怪兽电力公司》导演彼特·道格特(Pete Docter)执导，曾在《海底总动员》、《料理鼠王》担任编剧的皮克斯老班底鲍勃-派特森(Bob Peterson)亦将在本片担任共同导演，献出自己的导演处女作。《飞屋历险记》同时会是皮克斯有史以来第一部以3-D电影呈现的里程碑作品，之后皮克斯的所有影片都将制作成立体电影。《飞屋历险记》讲述了一老一少的冒险旅程。78岁的老翁卡尔·弗雷德里克森(Carl Fredricksen)一生中都梦想着能环游世界、出没于异境险地体验，却平淡地渡过了一生。在他生活的最后阶段，卡而仿佛在命运的安排下，带着8岁的亚裔小鬼头Russell一同踏上了冒险的旅程。这对一老一小的奇特组合肩并肩闯荡江湖，共同经历了荒野跋涉、丛林野兽与反派坏蛋的狙击。田野/文\n    ', '2025-01-16 14:12:14.980371', NULL, '娱乐', '新浪娱乐', 5473);
INSERT INTO `news` VALUES (22, 'BBC版《西游记》够雷人 悟空太老沙僧太丑(图)', '\n    视频：英国BBC打造动画版奥运宣传片《东游记》本报记者 李青青就在《红楼梦》雷人不倦之际，近日，英国广播公司(BBC)也推出一款以名著《西游记》为蓝本的奥运宣传片。其中，孙悟空等人在观音的指引下历尽千辛万苦来到北京鸟巢取经。虽然片中高唱“为了希望荣耀，燃起梦想”的主旋律，也巧妙融入了各种体育竞技项目，但无论是悟空龇牙咧嘴的造型，还是令人晕菜的主题曲，都让国内网友惊呼太雷人。悟空鸟巢取经这部宣传片以音乐剧的形式表现，取材于中国四大名著之一的《西游记》。2分钟的内容中浓缩了石猴诞生、观音指引取经之路，与猪八戒、沙僧历尽磨难斩妖除魔取得真经，只不过宣传片结尾的真经之地不是西方，而是北京奥运会会场鸟巢。在其中，孙悟空、猪八戒和沙僧三人分别从不同地方出发，凭借铅球、跨栏、撑竿跳、单杠、游泳等体育特长以及中国功夫，打败各种怪兽，最终抵达目的地，并点燃了火炬。尽管这部宣传片的主创是英国人，但是画面的背景却设计得相当中国化，而音乐也是由片子的观音菩萨用中文演唱。据悉，英国BBC将会把这款奥运动画宣传片投放到电视、广播、互联网及手机等各种平台上，以最大限度地达到宣传效果。而目前，这款短片在国内也俨然成为了各大视频网站点击热点。中文歌曲“变味”短片开场，群山笼罩在袅袅青烟中便响起极富中国韵味的背景音乐。这时，石头里蹦出一只猴子——孙悟空隆重登场。接着，观音便开口唱歌：悟空恭喜，取经来了，为了希望，燃起梦想，生死与共。尽管这段由虚拟乐队Gorillaz打造的音乐将东方元素表现得淋漓尽致，中国乐器的运用和电子化也运用得十分地道。但观音一板一眼唱出的“主旋律”歌词还是让很多网友不能接受。特别是最后一段主音毫无变化将四句“为了希望”一气呵成时，更遭到了许多网友的冷嘲热讽。有的人发出“她是不是声音卡壳了？”的疑问，也有人留下“特像红色娘子军”的感叹。除了女声演唱很雷人外，孙悟空、猪八戒的一些动作也让人匪夷所思。比如，大圣从高空落下四肢触地俨然蜘蛛侠出场，而猪八戒打败妖怪还要吃个鸡腿。悟空太老，沙僧太丑如果说歌曲中充斥的主旋律还属老外向中国“套近乎”的话，那短片中人物的造型则完全和原著背道而驰。孙悟空呲牙咧嘴，不仅长得老，身上的灵气似乎也消失殆尽，当我们的大圣笑起来，更有网友将他的神态与许三多相媲美。除此之外，憨厚的沙僧在这部奥运短片中竟沾上了几分邪气。这个类型于日本河童的角色有着发青的脸庞和极少的头发，不仅面目丑陋，眼神中还透着阵阵杀气，难怪他出场时，有观众竟把他当作邪恶的水妖。在三位徒弟中，八戒的形象和原著最为接近，但他超肥的肚子搭配超细的腿还是让人有些不适应。另外，观音手捧鸟巢的出场也被认为太恶搞。\n    ', '2025-01-16 14:13:39.106555', NULL, '娱乐', '本报记者 李青青', 5899);
INSERT INTO `news` VALUES (23, '《蝙蝠侠-黑暗骑士》有望成最高票房电影(图)', '\n    新浪娱乐讯 暑期猛片《蝙蝠侠──黑暗骑士》美国上映10日已收3亿1千4百万美元(约24亿元人民币)，打破《加勒比海盗：决战魔盗王》16日收3亿美元的纪录。有行内人士更指，《蝙》有望打破美国史上最高票房电影《泰坦尼克号》的纪录。而同期上映的《我要相信：X档案》首周于美国3千多家戏院上映，仅收约1千万美元，成绩惨淡。\n    ', '2025-01-16 14:14:21.661232', NULL, '娱乐', '新浪娱乐', 8573);
INSERT INTO `news` VALUES (24, '《蝙蝠侠6》内地上映最快也要到9月(图)', '\n    2天破亿！5天破2亿！10天破3亿！ 上映以来，《蝙蝠侠前传：暗夜骑士》狂破纪录的势头刹不住车，无论是高票房还是好口碑，都在批量地书写着影史传奇。令人惊讶的表现，让国内不少影迷追问：何时可以在内地得见“蝙蝠侠”尊容？对此，中影集团发言人翁立称，片方仍未送审该片。《蝙蝠侠前传：暗夜骑士》最快也要等到9月才能上映。 上映首周就刷新12项影史票房纪录的《蝙蝠侠前传：暗夜骑士》上周轻松蝉联北美票房冠军，成为今年暑期档自《钢铁侠》以来第二位蝉联冠军的大赢家。不过“蝙蝠侠”跟《钢铁侠》可不在一个档次——《钢铁侠》用了80多天才在美国收入3.15亿美元，而老将“蝙蝠侠”则只用了10天，就轻松赶超对手。 有望赶超《泰坦尼克号》 1997年《泰坦尼克号》在美国劲收6亿美元，11年来，此纪录一直无人能破。不少影评家预测，按“蝙蝠侠”的迅猛势头，击败《泰坦尼克号》刷新好莱坞最高票房纪录，只是时间问题。 不仅票房强悍，“蝙蝠侠”还被IMDB、烂番茄等权威数据库评为影史最佳影片，因为该片不仅视觉效果上佳，其哲学命题“人类到底需不需要英雄？英雄之所以被塑造，究竟是用来崇拜并拯救世界，还是供人类攻击诋毁的？”更让不少影评人感到震撼。 影片还未内地送审 “蝙蝠侠”在北美的高票房，也让更多人关注该片何时能够登陆内地。昨日，记者致电中影集团发言人翁立，他称，“现在还没有人给我们送这个片子过来审，没看片之前，我们不好说会不会引进。其实最主要还是看主题符不符合中国国情！” 有消息称，如果即刻“蝙蝠侠”就通过审查，也只能排期至10月上映，因为8月已有《极速赛车》、《绿巨人浩克》上映，9月则有法国片《高卢英雄大战凯撒王子》、英国片《水啸雾都》占据内地大银幕。不过翁立否认了这一说法，“我没听说过后面这两部片子！”意指“蝙蝠侠”最快亦有可能9月在内地上映。 每年仅引进20部海外大片？ “好电影今年不上明年上” 中影每年至多引进20部分账大片，截至目前，今年已有17部海外分账大片上映或预定档期，不少媒体猜测，剩下的3个名额可能在“蝙蝠侠”、《哈利·波特6》、《007：余温之恋》、《木乃伊3》中决出。对此，翁立不置可否，“一切要等过了审片关才会确定”。 对于为何要限定引进海外大片的数量，翁立解释，其实上世纪90年代每年只能引进10部国外大片，加入WTO后，引进海外分账大片的数额才慢慢增加到20部。不过仍有不少影迷质疑，配额制度将使内地观众错失不少好片。对此，翁立回应：“只要是符合国情的好片，就算今年上不了，明年也是可以上的！” 有网友指责，今年内地引进了不少西班牙、德国、法国等一些明显没有票房号召力的小片，而在好莱坞掀起票房风暴的《我是传奇》、《夺宝奇兵4》等超级大片，则未能在内地上映。对此，翁立直言，“今年美国票房好的大片，我们引进的不算少。只要是好电影，我们都不会放过的，这也是为什么引进德国、法国一些名气比较小的片子的原因”。\n    ', '2025-01-16 14:15:29.525995', NULL, '娱乐', '新浪娱乐', 5351);
INSERT INTO `news` VALUES (25, '吕克-贝松携手韩方投资300亿拍《秦始皇计划》', '\n    新浪娱乐讯 近日，法国导演吕克·贝松与另外两家法国公司一起参与《秦始皇()计划》剧本改编工作。这部全新的历史悬疑影片剧情酷似《达·芬奇密码》(blog)，投资达到300亿韩元（约2亿人民币），吕克·贝松的Europa Corp公司负责主要的制作工作。从这次法韩合作不难看出，他显然已经忘却了1997年《第五元素》在韩国上映时的不愉快经历。韩国奥德赛电影公司近日宣布已经买下延世大学国文学系讲师柳光秀所著小说《秦始皇计划》的版权，并计划投资300亿韩元开拍电影。片中会采用英语对白，将有一两个主要角色由韩国顶尖演员出任。约有30%的资金来自法方，法国导演吕克·贝松将加入这一计划，与另外两家法国公司一起参与剧本改编工作，他的Europa Corp公司负责主要的制作工作。尽管吕克·贝松虽已宣称从导演位置上退休，但奥德赛电影公司的总裁透露，吕克·贝松对这部电影表现出浓厚的兴趣，不排除亲自执导的可能。据悉，吕克·贝松下个月还将受邀访韩并发表声明。历史悬疑小说最近在韩国大行其道，此类型的好莱坞电影《达·芬奇密码》和《国家宝藏》在当地大收旺场，韩国本土一些时空穿越、架空历史类的电影虽然制作一般，但也有相当捧场客。柳光秀的小说《秦始皇计划》曾获得第一届韩国新浪潮文学奖的最高荣誉，以秦始皇派遣术士徐福出东海寻仙丹的故事为基础。电影剧情设定发生在现代首尔，对几宗神秘谋杀案的调查，结果引出了涉及古代亚洲历史秘团的宏大背景。1997年吕克·贝松进军好莱坞的大制作《第五元素》在韩国上映，当时韩国院线为了增加上映银幕，要求他减片长，让他很不愉快。双方一度闹得很僵，当时有媒体甚至用“折磨”来形容吕克·贝松的遭遇。不过，吕克·贝松看来没有把以前的不愉快放在心上。克·贝松近年对亚洲电影市场倾注了很多精力，与李连杰( blog)、金城武( 听歌)等都有合作。韩国是亚洲重要电影市场，加上此部电影题材吸引，虽然吕克·贝松亲自执导尚有疑问，但合作一事成算非常大。这部混合历史、悬疑、阴谋的电影很容易让人想起《达·芬奇密码》，这也正是吸引法国资金加入的重要原因。JZB/文\n    ', '2025-01-16 14:17:08.736171', NULL, '娱乐', '新浪娱乐', 5607);
INSERT INTO `news` VALUES (26, '威尼斯电影节片单全公布 余力为贾樟柯成代表', '\n    新浪娱乐讯 当地时间7月29日下午，第65届威尼斯电影节公布其主竞赛单元全部片单。参赛单元内地影片全军覆没，唯有由香港西河星汇出品、余力为执导的港产片《荡寇》一枝独秀；在展映单元，贾樟柯的神秘录像短片《河上的爱情》与众多好莱坞大片中平起平坐。与往年水城华语片风光无限相比，尤其与往年水城内地影片大热不同，今年的水城华语势力薄弱。但值得一提的是，《荡寇》与《河上的爱情》均由贾樟柯、周强、余力为创办的西河星汇出品，这是西河星汇自戛纳之后再创的电影节奇迹，贾樟柯也打破水城惯例，以短片获邀主竞赛单元展映。此前盛传，张元( blog)的《达达的秘密》、万玛才旦《寻找智美更登》等影片均不见踪影。我们只能寄望于，在8月27日威尼斯电影节开幕后，内地影片能够争得惊喜片的席位。(赵静/文)\n    ', '2025-01-16 14:17:49.686970', NULL, '娱乐', '新浪娱乐', 8867);
INSERT INTO `news` VALUES (27, '梁洛施打入好莱坞靠接吻戏 下部电影想演妓女', '\n    新浪娱乐讯 电影《木乃伊3》前日(7月27日)在美国首映，片中几位华人主角包括梁洛施、李连杰和女儿Jane、杨紫琼、罗素，以及第三度演出《木乃伊》的男主角布兰登-弗雷泽、约翰-汉纳(John Hannah)及女主角玛丽亚-贝罗(Maria Bello)均出席了加州的首映礼。前殿堂级摇滚乐队Guns & Roses的吉他手Slash也携妻子和儿女一家等撑场。\n    ', '2025-01-16 14:19:18.280762', NULL, '娱乐', '新浪娱乐', 4267);
INSERT INTO `news` VALUES (28, '南奎丽亮相《考死》首映礼 短裙低胸装引关注', '\n    新浪娱乐讯 29日下午，韩国影片《考死：血之期中考试》媒体首映式在首尔榕山CGV影院举行。影片主演李范秀、南奎丽、尹正熙等一同出席。南奎丽以一袭短裙低胸装亮相，为防止走光，她在现场格外小心，成为全场焦点。\n    ', '2025-01-16 14:23:08.156027', NULL, '娱乐', '新浪娱乐', 5137);
INSERT INTO `news` VALUES (29, '美国男子扮小丑偷《蝙蝠侠6》海报被捕', '\n    新浪娱乐讯 《蝙蝠侠6：黑暗骑士》美国公映连破多项票房纪录，引发影迷狂热追捧。日前，一名20岁的美国男子斯宾塞·泰勒装扮成电影中小丑的模样，试图偷取影院海报和周边产品，被当场抓获。据美国媒体报道，泰勒家住密歇根州，上周日清晨，他在当地一家影院大厅偷取《蝙蝠侠6》的海报时，被工作人员发现并报警。当时他身穿紫色连身衣，头戴绿色假发，脸上涂满油彩，模仿《蝙蝠侠6》中希斯·莱杰饰演的小丑形象。希斯·莱杰在片中饰演的小丑深入人心，而他本人也因角色压力过大，年初猝死引发关注。泰勒的行为被警方以盗窃和破坏财物罪名起诉。长亭/文\n    ', '2025-01-16 14:24:08.596897', NULL, '娱乐', '新浪娱乐', 4499);
INSERT INTO `news` VALUES (30, '马特-达蒙为新片《告密者》练拳击减肥', '\n    新浪娱乐讯 37岁的马特-达蒙(Matt Damon)近日为新片《告密者》(The Informant)积极减肥，并坦言减肥并非易事。为了塑造角色，他开始学习搏击运动，并戏称：“如果你稍微松懈下来，就很容易发福。现在我在练拳击，如果你挨打的时间足够长，也能有助于减肥！”马特-达蒙曾被评为2007年度最性感男性，但他笑称：“现在我是最性感男性的矮矮胖胖的表哥！”马特-达蒙目前有一个9岁的继女艾莉西亚(Alexia)和一个与妻子露西安娜(Luciana)所生的两岁女儿伊莎贝拉(Isabella)。他表示，成为父亲后，他更加关注全球儿童的福祉，并积极参与慈善基金“1 X 1”基金，致力于帮助身处逆境的孩子们。LEI/文声明：新浪网独家稿件，转载请注明出处。\n    ', '2025-01-16 14:24:32.916452', NULL, '娱乐', '新浪娱乐', 7001);
INSERT INTO `news` VALUES (31, '《木乃伊3》女星玛丽亚-贝罗和小男友订婚', '\n    新浪娱乐讯 41岁的《木乃伊3》女主角玛丽亚·贝罗与28岁的艺术家男友布莱恩·穆瑟近日订婚，准备告别单身生活。她的发言人证实了这一消息，并表示玛丽亚非常开心，但婚期尚未确定。玛丽亚·贝罗因电视剧版《史密斯夫妇》中的史密斯太太一角走红，2000年凭借《女狼俱乐部》转入大银幕，并因《冷却者》和《暴力史》两次获得金球奖最佳女配角提名。在《木乃伊3》中，她接替瑞切尔·薇兹成为女主角，这也是她首次领衔好莱坞大片。布莱恩·穆瑟是一名音乐家、艺术家，同时兼职侍应生。二人于18个月前相识，当时玛丽亚参加一场生日派对，而布莱恩在派对上服务。尽管年龄相差13岁，但两人因共同热爱政治、非洲和神秘动物学而迅速走到一起。玛丽亚·贝罗最近忙于《木乃伊3》的宣传，并与布莱恩一同出席了首映礼。已有一个7岁儿子的玛丽亚在接受《纽约邮报》采访时表示，她曾是“反婚姻论者”，直到遇见布莱恩才明白坚定不移的爱情之美，她期待与他共度未来。长亭/文\n    ', '2025-01-16 14:25:30.961532', NULL, '娱乐', '新浪娱乐', 4992);
INSERT INTO `news` VALUES (32, '银行系基金新军崭露头角 民生加银旗下基金表现亮眼', '\n    刚刚过去的2009年，基金市场为基民贡献了一份不错的成绩单。作为银行系基金公司的新军，民生加银基金公司旗下的两只基金崭露头角。WIND数据统计显示，民生蓝筹混合型基金作为民生加银旗下首只基金，截至2009年底累计回报率达到23.7%。A股市场2009年下半年以来震荡剧烈，该基金提前布局消费、医药、化工、有色、煤炭等行业。2009年下半年以来，民生蓝筹基金获得了17.08%的正收益，同期业绩比较基准涨幅为8.69%，跑赢业绩比较基准达8.39个百分点。（易非）\n    ', '2025-01-16 14:26:27.512781', NULL, '财经', 'WIND数据', 8288);
INSERT INTO `news` VALUES (33, '美国最近一周原油库存增加220万桶', '\n    文华财经(综合编译 楼怡婷)--据纽约9月21日消息，美国石油协会(API)周二公布的周度数据显示，美国原油库存上周意外增加，因进口增加，尽管Enbridge石油管道公司的一条主要输油管道关闭。9月17日止当周，美国原油库存增加220万桶，因每日进口量增加31.3万桶至922万桶。分析师此前预计库存下滑190万桶，此前因泄露问题，Enbridge关闭了日输油能力为67万桶的6A号管线，该管线运送加拿大原油至美国精炼厂及俄克拉荷马州库欣的储油中心。该管线于9月9日-17日关闭。API公布，美国最近一周汽油库存增加240万桶，而分析师此前预估为减少30万桶。包括取暖油及柴油在内的馏分油库存增加250万桶，预估为增加20万桶。API称，上周，位于NYMEX原油交割地--俄克拉荷马州库欣的原油库存减少21.9万桶。炼厂产能利用率下滑0.2%至85.4%。\n    ', '2025-01-16 14:27:07.172259', NULL, '财经', '文华财经', 5320);
INSERT INTO `news` VALUES (34, 'NYMEX原油期货电子盘持稳在75美元下方', '\n    文华财经(编辑整理 王欣)--据新加坡9月23日消息，油价周四持稳在每桶75美元下方，先前政府公布的数据显示，美国原油和汽油库存意外增加。尽管加拿大至美国最大的输油管线关闭长达一周，但上周库存依旧上扬，确认了市场的看法，亦即油价今年剩余时间内将大多在石油输出国组织(OPEC)乐见的水准70-80美元间波动。OPEC成员国利比亚的官员周三表示，OPEC在下月的会议上应会维持产出目标不变，并提高减产达成率。\n    ', '2025-01-16 14:27:29.608863', NULL, '财经', '文华财经', 3717);
INSERT INTO `news` VALUES (35, '亚洲燃料油裂解价差收窄 跨月合约遭大单抛售', '\n    文华财经(编辑整理 何丽丽)--据新加坡9月23日消息，亚洲燃料油跨月合约周四仍遭大单抛售，约有27.5万吨10/11月和11/12月跨月合约以疲弱的价格成交。10月粘度差收窄至一周前成为即期合约以来最低水准，交投量很大。交易商称，跨月价差处于关键点，可能进一步走软或者快速反弹。1130GMT,10/11月和11/12月跨月合约至少分别有11.5万吨和16万吨，分别以每吨正价差4.00-4.20美元和3.50-3.75美元成交。0830GMT收盘时，10/11月互换正价差持稳於每吨4.00美元。11/12月互换正价差下跌0.13美元，至每吨正价差3.63美元。10月燃料油裂解价差收窄0.26美元，至每桶较迪拜原油贴水6.15美元。11月裂解价差收窄0.23美元，至每桶贴水6.00美元。180CST燃料油价格下跌2.00美元至每吨444.75美元；380CST燃料油价格跌1.50美元至每吨439.88美元。\n    油品                      价格        上日价格     变动\n    现货180CST燃料油       444.50/445.00      446.75    -2.00\n    现货380CST燃料油       439.50/439.75      441.13    -1.50\n    10月燃料油互换                446.25      449.13    -2.88\n    11月燃料油互换                450.38      453.13    -2.75\n    新加坡船用燃料油       439.00/441.00      442.00    -2.00\n    380CST船用燃料油升水       0.18/0.58        0.87    -0.50\n    ', '2025-01-16 14:28:01.587827', NULL, '财经', '文华财经', 2229);
INSERT INTO `news` VALUES (36, '2010艺术品秋拍上演六宗最', '\n    中国艺术品市场在经历了2008年的低潮，2009年的反弹，2010年开始强势上涨。今年秋拍，从北京荣宝率先拉开秋拍序幕，以4.27亿元的成绩刷新其以往任何一场大拍纪录之最。中国嘉德秋拍轻松跃过40亿元大关，以41.33亿元收槌；北京保利又以52.8亿元的总成交额创下中国艺术品拍卖单季纪录。之前的香港苏富比秋拍成交额为30.9亿港元，随后又被香港佳士得以32.3亿港元的总成交额突破。加之，翰海秋拍总成交额逾19亿元，匡时秋拍总成交额15.6亿元，西泠印社以10.8亿元收官。\n    在这一系列数字的背后，市场也存在隐忧。文化部文化市场发展中心研究员西沐在雅昌艺术网发表评论观点认为，当前秋拍市场的火热并不等于繁荣。行情与繁荣是不同的概念，行情是一个周期性的市场价格的表现形态，而市场的繁荣却需要一个痛苦的蜕变与较长的发展过程。\n    尽管如此，据初步估计，新进场的收藏投资者大约是30%-40%，但是他们却创造了几乎是70%-80%的成交量。市场在新老藏家交替中进行着资源的再分配。市场永远遵循价高者得，将被资本认可的价值体现的淋漓尽致。中国艺术品资本市场正在形成。\n    纵观秋拍，本报记者盘点出六宗“最”。在这些表象的背后，也在某种程度上反映出市场的趋势。\n    最受人瞩目 3.08亿标王———王羲之《平安帖》\n    书圣王羲之作品草书《平安帖》不仅是中国嘉德秋拍“清代宫廷”专场最耀眼的“明星”，也成为今年秋拍中的标王，成交价达3.08亿元。这一作品以及这一专场的成交额均创出中国嘉德成立17年以来的新纪录。\n    王羲之草书《平安帖》共有九行，后被一分为二。此次在中国嘉德秋拍亮相的为前半部，纵24.5厘米，横13.8厘米，四行，四十一字。该作品在拍卖会上将有何表现，备受大众瞩目。最终该幅作品以3.08亿成交，收入大藏家刘益谦囊中。\n    在国内艺术品市场，中国书画一直占据强势地位，而宫廷旧藏似乎更成为不败的拍品。即使是在经济低迷的时候，这部分藏品也是最“抗衰”的门类，稀有的精品不断创出天价。\n    本报记者 范旭光\n    ', '2025-01-16 14:30:08.569456', NULL, '财经', '雅昌艺术网', 3509);
INSERT INTO `news` VALUES (37, '欧佩克特别会议将决定较大幅度减产', '\n    新华网阿尔及尔10月18日电(记者 郑斌)据阿尔及利亚新闻社报道，石油输出国组织(欧佩克)轮值主席、阿尔及利亚能源和矿业部长沙基卜·哈利勒18日表示，欧佩克24日将在维也纳特别会议上决定较大幅度的减产措施，以使国际石油市场保持供求平衡。哈利勒是当天在阿南部塔曼盖塞特省举行的记者招待会上发表上述讲话的。\n    另据阿尔及利亚主要日报《祖国报》18日报道，哈利勒17日表示，欧佩克成员国能够接受的最低油价在每桶70美元到90美元之间。欧佩克将原定于11月18日在奥地利首都维也纳举行的特别会议提前至10月24日，会议将主要分析国际原油市场供求形势并研究对策。\n    欧佩克15日发表月度报告说，受全球经济增长速度放缓等因素影响，预计今明两年世界原油日均需求量均将低于该组织此前的预测。欧佩克油价在今年7月3日达到创纪录的每桶140.73美元后开始持续下跌，到本月13日降至每桶71.96美元，跌幅近49%。\n    ', '2025-01-16 14:31:41.774993', NULL, '财经', '新华网', 9220);
INSERT INTO `news` VALUES (38, '中国2010年棉花产量预计减少5.5%', '\n    新浪财经讯 11月18日下午消息，来自国资委网站消息，中国储备棉管理总公司周四发布报告称，由于遭遇恶劣天气，预计今年全国棉花种植总产量636.0万吨，减少5.5%。2010年10月下旬至11月上旬，中国储备棉管理总公司承建的国家棉花市场监测系统对2010年度我国棉花产量情况在全国范围内展开调查，涉及15个植棉省(自治区)、87个植棉县(市、团场)。\n    结果显示，由于今年棉花播种期遭受低温、吐絮期遭遇连续强降雨等灾害天气，棉花质量和产量均受到不利影响。今年全国棉花种植面积7568.2万亩，较上年减少1.1%；单产84.0公斤/亩，下降4.4%；总产量636.0万吨，减少5.5%。\n    该项统计数为初步预计结果，报告呼吁棉花产业各环节对棉花产量和供求格局有清醒认识，克服投机心理，谨慎经营，控制风险。\n    ', '2025-01-16 14:32:05.237994', NULL, '财经', '新浪财经', 6127);
INSERT INTO `news` VALUES (39, '价格太高 中国连续两周未进口美国大豆', '\n    卢进\n    高企的美国大豆价格正在令买家望而却步。在截至6月4日的两周内，全球最大的大豆进口国——中国已经没有出现在美国大豆买家的列表当中，不仅如此，在过去的两周内，中国还将此前确定的进口量削减了十多万吨。\n    昨日，美国农业部(USDA)公布了截至6月4日的一周出口销售报告，当周美国2008/2009年度(2008年9月1日起)大豆净出口销售量为-6.1万吨，远远低于此前分析师预计的20万~30万吨水平。在这一周内，中国削减进口量5.5万吨。而在截至5月28日的一周内，美国大豆出口量同样也为负值。当周，大豆净出口量为-2.4万吨，中国削减进口11.26万吨。\n    今年以来，由于美国大豆价格相对便宜，阿根廷大豆产量因干旱原因大幅减少，包括中国在内的大豆进口国对美国大豆的需求高涨。据USDA统计，截至5月28日，美国2008/2009年度大豆累计出口销售量为3373.63万吨，去年同期为3001.43万吨。中国累计购买美豆1846.91万吨，去年同期为1342.67万吨。\n    美国大豆的“疯狂”出口使得该国大豆库存快速下降，USDA周三的月度报告预计，2008/2009年度，美国大豆期末库存仅1.1亿蒲式耳(约合300万吨)，这将是1973年以来的最低库存量。在库存吃紧的情况下，美国大豆在过去三个月内快速上涨，截至昨日北京时间22点，芝加哥商品交易所(CBOT)大豆7月合约期价报1260美分/蒲式耳，较3月中旬上涨了近45%。\n    此前便宜的美国大豆，现在变得非常昂贵。据黑龙江天琪期货估算，如果按照目前的大豆期货价格点价进口，美国大豆到达中国港口的成本价将高达4300元/吨，这远远高于3600~3800元/吨的国产大豆价格。在高企的大豆价格面前，中国只好对美国大豆“退避三舍”。\n    ', '2025-01-16 14:32:34.121655', NULL, '财经', '美国农业部', 1288);
INSERT INTO `news` VALUES (40, '中储粮去库存化 7000万吨临储粮将考验国家仓容', '\n    本报记者 杨 颢吉林、上海报道\n    8月26日，第六轮国储大豆拍卖再次遇冷。此轮计划销售大豆49.68万吨，实际成交9600吨，总成交率仅1.93%。其中内蒙古、吉林全部流拍。至此，国储大豆共六次拍卖成交总计2.99万吨，仅占拍卖总量1%左右。\n    而此前一天的玉米第六次拍卖尽管成交率达到了62.19%，创下了最好水平，但截至目前，累计售出玉米约580万吨。除去已售出部分，单2008/2009年收储的玉米还有3000万吨没有进入流通领域。\n    有数据显示，去年6月份以来，政府粮库先后吸纳近7000万吨的临时储备粮和数目巨大的托市粮，这对中央储备系统提出了严峻的考验。更重要的是，还有一个多月，秋粮即将上市，如何缓解国有粮库巨量库存的压力，成为一个严峻的考验。\n    “粮满为患”\n    “现在中储粮在黑龙江的仓库基本没什么空的仓容，甚至可以说超出了原有的仓容能力。”8月27日，中储粮黑龙江分公司一位人士告诉记者。\n    这样高负荷的满仓情况始于去年下半年。去年，我国粮食丰收，为保证农民利益，从2008年10月到2009年6月，国家分批次一共临时收储了750万吨大豆和3500万吨的玉米，而主要地点则集中于东北等地。如此大的收储力度在近几年都没有过。\n    大规模、高价的收储，一方面造成加工企业无粮可收，另一方面，则对负责参与收储的中储粮的储备系统提出了很高的要求。\n    据上述中储粮黑龙江分公司人士介绍，此前中储粮在黑龙江的直属库仅有100多万吨的仓容能力，然而，去年到今年，中储粮在黑龙江收储的粮食达到1700多万吨，这里面包括大豆、玉米和水稻等。\n    这意味着还有1600万吨左右的粮食无处可放。于是，中储粮开始在当地寻找粮库进行代收储。“现在主要是地方粮库帮忙收储。”\n    吉林也是类似的情况。位于吉林松原的四马架粮库，在粮库改革后原本一直处于市场化运作，自负盈亏。此前每年的现在，仓库里已经没啥余粮了。但在去年12月，它接到了来自中储粮委托收储的任务。\n    “现在我们库90%以上的玉米都是帮中储粮储备的，有近2万吨。”四马架粮库主任纪平表示，这类收储占据了粮库多半的仓容。而且，在松原，90%以上的地方粮库现在都在帮中储粮进行代收储的工作。\n    这也是地方粮库这几年以来第一次出现了“满仓”的现象。\n    “现在地方粮库质量参差不齐，总体而言，好的少，次的多。”上述中储粮人士告诉记者，由于很多地方粮库在前轮改革之后已经多年不收粮了，仓容条件差，一下子收储这么多粮食，很多只能露天存放。\n    据此前中储粮黑龙江分公司的数据，黑龙江省国有粮库设计仓容1800万吨左右，实际储粮能力1440万吨左右，完好仓容设计能力800万吨左右，实际储粮能力只有650万吨左右。按照已下达的收购计划，露天储存数量将达700万吨左右。而吉林省因为整体库存已经基本饱和，全省露天存储的玉米达1000多万吨。\n    据黑龙江大豆协会有关人士介绍，此前拍卖的国储大豆很多都是来自露天存放的。\n    今年7月，在中国历史上规模最大的一次清仓查库结束之时，国家粮食局一位官员曾对外表示，现在绝大部分的储备库粮满为患，尤其在主产区，甚至影响了国家收储政策的落实。\n    去库存化\n    在这种情况下，7月下旬开始，玉米、大豆陆续进入放储拍卖。其中，玉米每轮拍卖200万吨，大豆则为50万吨。\n    不过市场期盼已久的拍卖却因为顺价销售而遭遇到加工企业的抵制。除了大豆几乎全部的流拍外，玉米的成交量也并不太理想。记者接触的多家企业负责人均表示并未参与拍卖。\n    “价格高是一个原因，而且再往后新粮上市了，我们也可以通过市场购买。”一家企业人士表示。\n    为了尽快腾出仓库，破解国储难题，8月初，国家开始出台向东北玉米加工企业提供补贴的政策。根据该政策，参与定向销售的企业每吨或将获得150元的补贴。最新的消息称，第一批定向销售玉米数量为580万吨左右，还有后续批次。\n    事实上，早在移库的时候，就有业界人士指出，与其耗费巨资长途移库，不如就地以优惠条件交给当地粮油企业加工，当地消化。因为，与国库满仓的状态相对应的是，加工企业的仓库均是一片空荡。\n    在玉米补贴出台后，市场的普遍看法认为大豆将成为下一个获得补贴的对象。有消息透露，财政部此前已经结束了在黑龙江省的关于大豆加工企业的调研工作。8月17日，发改委、粮食局、财政部、中储粮等相关机构又一起讨论了有关大豆补贴的事。更有传言称，政府将给予加工企业每吨200元的补贴。\n    “现在看来，拍卖、定向销售是解决目前仓容问题唯一可行的办法。”上述中储粮人士称。\n    ', '2025-01-16 14:33:37.694893', NULL, '财经', '国家粮食局', 7360);
INSERT INTO `news` VALUES (41, '布伦特油价破百 国内调价压力渐增', '\n    春节期间，海外市场关于“油价会否再次破百”的话题从担忧变成了现实：2月3日，伦敦布伦特原油触及103.37美元/桶的28个月高点，金融危机后一度萎靡的国际油价终于再次破百，而国内油价也面临日渐增大的调整压力，部分下游产业可能受到波及。\n    事实上，去年前三季度，国际油价并无太多“惊人之举”，始终在每桶70美元-85美元的区间内波动，但自2010年11月开始，在美国第二轮量化宽松政策影响下，国际油价开始强势上扬，近期更在埃及局势紧张等因素影响下节节攀升。\n    1月31日，伦敦布伦特原油率先突破每桶100美元，这是自2008年9月底以来首次破百。另一项油价风向标——纽约油价也突破92元/桶。到2月3日，布伦特原油更触及103.37美元/桶的28个月高点。\n    这对国内成品油市场带来的压力显而易见。\n    早在春节前，国内成品油调价“窗口”就已打开。据息旺能源数据显示，1月31日，国内成品油调价参考的三地原油价格变化率已达7.77%，远远高于定价机制规定的4%调价条件，而之所以没有及时调价很大程度上归因于春节维稳的需要。\n    如今，随着春节这一传统节日临近尾声，相关部门又陷入应该遵循调价机制及时跟调还是继续观望的纠结之中。\n    “从2009年以来的屡次调价结果可以发现，油价上涨通常都会推延，而下调则相对及时。但无论如何，每轮‘窗口’打开后调价最终都会兑现，可见发改委还是希望新成品油定价机制能发挥效力。但考虑到下游的承受能力，涨幅则会适当控制。预计本次调价也会遵循这一‘惯例’。”一位石油专家说。\n    中国石油大学工商管理学院教授董秀成指出，国内油价如进一步上涨对很多下游产业都会带来深远影响，如交通运输、农业、化工等都意味着成本将增加。\n    而对原油高度依赖进口、下游业务又占国内最大份额的中国石化来说，调价将改善炼油利润，意味着利好。\n    不过，也有专家对最近这波油价上涨并不看好。“国际油价上涨很大程度上是由于投机基金的推波助澜。但目前，在2011年11月下旬后入场的这批投机基金已完成了买多增仓操作，而开始了平仓回吐。如果不是埃及局势紧张这样的突发事件，在投机基金的进一步平仓回吐操作下，国际油价原本会向下运行。”东方油气网首席经济学家钟健说。“如果这样的话，则国内油价不排除继续观望的可能性。”\n    事实上，由于埃及紧张局势有所缓解，纽约和伦敦市场油价2月7日已出现下跌，前者收于每桶87.48美元，后者则跌破每桶100美元。\n    ', '2025-01-16 14:35:33.628830', NULL, '财经', '息旺能源', 8610);
INSERT INTO `news` VALUES (42, '湖南福彩彩民中奖700万被疑假票关押三年', '\n    2007年8月31日，于海案第四次开庭，之前，检察院曾因证据不足撤销起诉，却没有释放于海，后来重新起诉，却没有新的证据。案件还没有结果，一位长期关注此案的人士分析：于海案更重要的意义是将彩票兑奖过程的程序粗糙一展无遗，而对彩民“有罪推定”的假票案处理模式也该结束了。\n    《?望东方周刊》记者黄志杰/长沙、益阳报道\n    从资深彩民到诈骗嫌犯，一个手持700万元大奖彩票的人经历怎样的故事？于海案将彩票兑奖程序的粗糙一展无遗，这个福利彩票发行20年来最蹊跷的假票案引人深思：对彩民“有罪推定”的假票案处理模式该结束了。\n    20年来最为蹊跷的假票案\n    2007年8月31日，湖南益阳市中级人民法院。湖南700万元福彩假票案第4次开庭。\n    2004年12月16日，32岁的于海到湖南省福利彩票中心兑奖——一等奖二等奖各一注，共计奖金7009002元。但福彩中心数日之后认为该彩票是假彩票。于海随即以涉嫌巨额诈骗被关押至今。\n    数额之大，过程之离奇，使这个案件成为目前所知的福利彩票发行20年来最为蹊跷的假票案。\n    三年来，这个案件一直没有被公开。围绕着沈阳人于海，以及那张兑奖700万元的假彩票，还有一个又一个迷：\n    谁制造了这张假彩票？封存过程中谁动了保险柜中的彩票？\n    如果造假，于海从哪里得来如此强烈的信心大大方方地去兑奖？\n    如果造假，当福彩中心在封存上出现重大纰漏时，于海为什么不紧抓不放？\n    如果造假，作为一个买了二十多万彩票的老彩民，他怎么不知道造假要通过数据库关？\n    造假或者没有造假，于海中奖、被捕前后经过什么心理过程……\n    魔鬼在于细节，本刊记者经过还原事件真相，发现：这个被指控为“高智商”的犯罪却违反一连串基本逻辑。\n    “阴差阳错”的中奖700万\n    本刊记者的调查从益阳市益鑫泰路福利彩票投注站老板曹鹏飞开始，他是该案主要亲历者，事发之后，公安部一位老专家曾专程来对他进行了一系列测谎试验，最后证实他始终非常诚实。他的证言也成为警方、公诉方及被告于海的辩护律师共同采纳的证据。\n    曹鹏飞向《?望东方周刊》介绍说：涉案彩票是2004年12月14日下午2点在他的投注站买的。\n    于海是沈阳人，一年之前与益阳女孩贾薇薇结婚，当时住在益阳，在此之前两个月内，于海期期都在这里买福利彩票和体育彩票，每次都要花费都以千元计，累计投入已经超过20万元，是这个投注站最大的顾客。\n    虽然在福彩上中的最大的奖也没有超过一千元。不过，于海显然是痴心未改。他拿出一张单子，让曹鹏飞挨个输入号码打出三百张左右彩票，全部是双色球复式票“6＋2”。\n    于海用塑料袋把全部票包好，扎上胶布，放给曹鹏飞保管，只带走底单。“我们同龄，非常聊得来，关系不错，他对我很放心。他老婆反对每次买这么多彩票，担心带回去引发矛盾。”曹鹏飞说，于海经常把彩票放在他那里。\n    第二天下午，于海又来到透注站。曹鹏飞把票全部从塑料袋中取出来，用自动兑奖试了几张票，电脑显示“尚未到开奖期，不能兑奖”。然后，于海让他人工对照一下。当时购票者很多，曹鹏飞让于海自己对。\n    看了一会后，于海显得有些不耐烦：“唉！反正没什么大奖，还是丢掉算了。”说完就把彩票全部扔在曹鹏飞桌子底下得纸篓里——这也是于海在该站的习惯，对小奖不屑一顾，没有大奖就扔掉全部彩票。曹鹏飞说：“总还是有几个小奖的吧”，把票从纸篓里捡起来放回塑料袋，于海走后，曹鹏飞用人工方式查看，果然发现37张有奖票，虽然都是5元小奖，但还是让他很高兴。这个时候，电脑依旧不能自动兑奖，曹鹏飞只好把票重新包好，放在抽屉里。\n    第三天，即2004年12月16日，曹鹏飞早上到透注站开门，发现于海早早就等在门口了：“小曹，你看我的底单，上面有一注6＋2的复式票是不是中了6个红球？二等奖哎！”\n    曹鹏飞一看底单，果真是。这一下，他就急了，因为昨天他查电脑的时候，发现他这个站中的最大的奖也只有2000元的。于是，他和于海从抽屉中拿出全部票铺开，最后果然找到一张彩票，这张彩票上有两注：其中一组号码前面6个号码都和底单一样，就是后面两个蓝球不对。于海底单上是“07”和“13”，而彩票上是“01”和“03”。\n    次日，即12月17日，曹鹏飞遇到了于海。“什么时候能兑奖？”于海问。“彩票已经送到省里去了。等通知。”曹鹏飞说，“不过，彩票有些对不上唉。”“有这样的怪事？”于海回答。曹鹏飞说，当时看于海的神情很惊讶，但也没有太急躁的反应。\n    封存彩票后第三天，12月19日，曹鹏飞按照福彩中心要求，带上投注站里的投注机，同样是上次4人同行，加上于海，一起来到了省民政厅福彩中心。\n    封存期间，谁动了这张大奖彩票？\n    ', '2025-01-16 14:37:19.049343', NULL, '彩票', '望东方周刊', 6473);
INSERT INTO `news` VALUES (43, '公园1872之夜暨招商地产25周年庆典酒会', '\n    2009年4月25日19：00，地处朝阳区东四环红领巾公园湖畔的公园1872营销中心高朋满座，展开一幅“百年之上·传世珍品”公园1872璀璨之夜--暨招商地产25周年庆典答谢酒会的盛世画卷。\n    招商局地产北京管理总部营销总监李杰先生对二十五年来一直支持和关心招商地产的新老客户、各界朋友表示真挚的谢意，并表示招商地产会秉承“百年招商家在情在”的企业理念更加努力和精工细作，提供让客户更加满意的人居空间。\n    酒会现场，上演了精彩纷呈的Vertu手机和邦克珠宝奢华秀，给予客户欣赏到国际一线奢侈品牌的时尚视觉盛宴。红酒鉴赏、互动游戏、职业魔术表演等更给予客户眼花缭乱的视觉冲击力，愉悦的名酒品鉴之旅，生动的互动游戏让整个酒会现场华彩满堂。\n    国际奢侈品牌竞猜活动更让客户扣动心弦，热情澎湃，真实地体验到招商地产的厚重奢侈回馈，Prada、Gucci、Armani、范思哲等名品回馈，让客户由衷的体验奢侈之旅，尤其是万元以上的PRADA紫色时尚新款手提包让客户兴奋不已，并在浪琴、欧米茄的国际名品竞猜中让客户笑颜收囊而归。\n    时间：2009年4月25日19：00——21：00\n    地点：公园1872售楼处\n    以下为本次活动的精彩实录：\n    图为活动开场节目“激情小提琴演奏”\n    主持人：尊敬的各位女士们、先生们，大家晚上好！首先非常欢迎各位来参加百年之上·传世珍品，公园1872璀璨之夜暨招商地产25周年庆典答谢酒会，主持人姚姚代表活动的主办方对各位的到来表示衷心的感谢！今天是个非常特别的日子，招商地产迎来自己的25周岁生日，可以说招商地产从1984年发展至今，在经过市场不断洗礼和考验之后，招商地产已经发展成为集开发、物业有机结合，物业品种齐全的房地产企业集团，形成以深圳为中心，珠三角、长三角和环渤海经济带为重点经营区域的市场格局。\n    25周年对于招商地产来讲也是非常短暂，从青年步入中年，同时也迎来自己的成熟和辉煌，在这个非常喜庆的日子里，我们首先掌声有请公园1872营销总监李杰为我们致辞。\n    李杰：谢谢主持人，今天是个特别的夜晚，非常荣幸能够邀请到我们尊贵的客户，还有华夏银行的各位贵宾来参加招商地产25周年的庆典酒会，25年前，就是1984年4月25日是招商地产成立的日子，25年对于很多房地产企业来说很长，但是对于招商地产来说时间并不长，其实在这之前招商地产已经走过了100多年的历程，所以招商地产现在虽然只有25年，但是流淌的是100多年的企业血液。\n    图为公园1872营销总监李杰\n    这100多年的发展经验以及它的公司文化，在招商地产中充分得到了体现。08年对招商地产是非常重要的一年，08年遇到了很多大的事情，在市场冲击的情况下能够得到各位客户的认可，这是招商地产最大的收获。09年对招商地产来说也是非常重要的一年，09年是招商地产的客户服务年。虽然国内的房地产公司客户服务体系从招商地产开始的，但是25年历程中我们觉得依然不够，从今年开始我们会把客户服务作为招商地产最重要的经营指标来去对待，而不是简单的是个工作任务，经过今年以后，我想招商地产的服务能够更上一个台阶，希望能够得到各位客户更大的认可。\n    招商地产经过这25年，我也希望下一个25年，再下一个25年，跟各位还能再见面，希望你们成为我们永远的客户。今天我就讲到这里，谢谢各位的参加。\n    主持人：谢谢李杰先生的致辞，让我们感受到25年当中招商地产所走过的一段不同寻常的历程，同时也与我们一同展望未来更远之后，我们招商地产即将取得的辉煌历程。其实在今天这个夜晚，我们邀请各位和我们一同，不但要见证招商地产所走过的25周年的辉煌，更重要的是要为在场的每一位朋友去打造一段属于你们最美好的璀璨之夜的记忆。接下来的时间就让我们跟随模特的脚步一同欣赏一段珠宝秀，相信这段珠宝秀必将点亮今晚璀璨的星空，有请！\n    ', '2025-01-16 14:40:32.980367', NULL, '房产', '招商地产', 5665);
INSERT INTO `news` VALUES (44, '中景江山赋开篇提序盛典', '\n    图为中景·江山赋沙盘\n    陈亦耕：尊敬的各位领导，各位来宾，新闻界的朋友们，在这春光明媚的日子里，中景·江山赋将正式面市，我谨代表北京景旭房地产开发有限公司对各位领导和朋友在百忙之中出席本次活动表示热烈的欢迎和诚挚的感谢。\n    图为北京市顺义区后沙峪镇副镇长杨永清\n    杨永清：各位领导、各位来宾大家上午好，顺义区地处北京市两轴两带多中心的东部发展带，有一港两河之称，一港是空港城两河是温榆河和潮白河。由于后沙峪的市政设施的建设，包括环境的建设为后沙峪带来了前所未有的机遇，15号线也是中铁电气化局投资的项目，现在这个项目开始动工了，投资49亿的飞行员培训项目，现在一期20万平米开始动工，明年的10月份先期竣工，花博会9月26日在后沙峪区盛世开幕，这些都意味着后沙峪给投资者带来了无限的商机。\n    ', '2025-01-16 14:42:10.568288', NULL, '房产', '北京景旭房地产开发有限公司', 4186);
INSERT INTO `news` VALUES (45, '王广善：别墅产品是社会和经济发展的标志', '\n    时间：2009年4月29日14：00\n    地点：理想国际大厦新浪乐居嘉宾聊天室\n    嘉宾：鲁能地产格拉斯小镇总经理王广善\n    主持人：新浪乐居 张丹丹\n    以下为本次访谈的精彩实录：\n    主持人：各位新浪的网友，大家下午好！欢迎关注新浪乐居的嘉宾聊天，今天我们请到的嘉宾是鲁能地产格拉斯小镇的总经理王广善先生！看到您的名片上写的是北京中央别墅东区格拉斯小镇市长。关于这个“职务”，您能给我们讲一下它的来历吗？\n    王广善：这个说法实际上是假的，但这个小镇是一个真实的小镇。从我们营销角度来讲，因为这个小镇在法国有个香水之都，有着非常悠久的历史。我们的建筑，欧洲、地中海式的建筑比较多，所以就取了这样一个名字。这个小镇的政府官员出来的官衔就是市长，为了更好地和他们接轨，我就把自己封为“市长”。但咱们现在是为了营销的需要，“市长”就是以开发管理小镇的职责出发的。\n    主持人：可以从这一个小细节里看出来，我们的项目是希望把原汁原味的理念搬到这个格拉斯小镇中来。刚才您谈到了营销，相信您在房地产行业这么多年肯定有您一套独特的理念和经验，可以和我们网友简单地分享一下吗？\n    王广善：如果说经验，谈不上什么经验，我从事这个行业已经有了几个年头。感觉房地产开发还是一个有意义的行业，而且对人的挑战性也非常强；而且它涉及的专业知识面也非常广泛，我感觉在这其中学到了很多东西。\n    由于鲁能做地产起步也比较早，西单商城对面的国际大厦是我们的第一个地产项目，而且那个项目还属于商业地产项目。当时在北京还不是很火，这个项目可以说是一炮打响，一举成功，紧接着我们又做了多个在北京的项目。有公共类的，有别墅类的，别墅有咱们典型的“中央别墅区”，现在还有我们的格拉斯小镇；还有我们在顺义开发的顺义新城。所以，在北京的鲁能地产规模是非常大了。\n    我作为鲁能地产的一员，我感觉到这个收获应该是比较大的。做别墅我们是比较专业的，集团公司能够选派我做别墅这个项目，我本人也感到无限地荣耀；同时也感觉到有非常大的压力。在北京面对的不仅仅是一个国内市场，更多的是国际市场。\n    对于鲁能赋予我的开发责任以及市场广大业主对我开发产品的期望和期待，我更感觉到一种压力。好在有一个好的团队，从2002年开始我们就开发了优山美地，在开发的过程中，不管它是中式的还是地中海式的，更多的是一个符号。但更多是考虑到别墅应用的功能，有钱人对别墅内在的需求。从人性化角度要求最大限度地满足。\n    我们现在来看，我们的开发团队，包括设计人员的素质都没有到位。改革开放30年，中国发展非常快，别墅区也在不断的发展进步。在这个过程中，我们不断地探索，不断地挑战自我。根据市场的需要满足居住别墅人群的内在需要。我感觉到这是我最大的压力；但是我也有一定的信心。\n    第一，因为有我的亲身经历，我一直是做楼盘的；第二，有很好的团队；第三，再加上社会各界的帮助，前几天我们搞了一个新浪名博品鉴团，使我的收益很大。这些名博的专业能力非常强。我感到他们的评论比较真实，使我受到了很大的洗礼。所谓洗礼就是把好的东西给传承下来，不好的东西给它改进。新浪做名博品鉴团这个活动非常好。\n    所以从市场需要来讲，我会不断地总结一些经验。特别是在开发过程中的一些教训，这些教训更多是在业主当中所反应出来的东西。任何开发商不可能没有问题，但是有了问题你怎么对待这就是你的问题。如果你没有总结你在开发过程中遇到的问题，没有下功夫解决这些问题，这样就是恶性循环。如果你把这些教训一一改正好了，就变成了一种财富。\n    我跟我的团队说，我们经历了这么多年，好的经验我们将继续发扬下去；我们在这个过程中遇到的问题，业主所反映出来的问题也好，暴露出我们的工程问题也好、人性化居住问题也好，我们必须要一点一滴地把它校正过来，达到真正别墅的内在需要。这是我们下一步需要重点考虑的问题。\n    主持人：可以看出王总在打造这个项目的过程中一直在非常用心地做，他把每一个细节都做到最完美，给到业主最顶级的感受，让他们可以真正地享受到别墅生活。刚才您也提到了中国人的别墅理念可能还需要一定的时间去传播、普及，那格拉斯小镇在打造初始有一个什么样的构想呢？\n    王广善：格拉斯小镇是咱们的优山美地开发之后的又一个大项目。再往下走到了运河的源头，它依托运河这个母亲河。咱们这个别墅群里面有一个两公里的老河湾，有一个温榆河，我们现在把它利用起来。在一个别墅里面，就体现出了一种自然环保。我们希望通过格拉斯小镇可以把我们做别墅的品牌，做地产的实力以及做地产的水平体现出来。\n    ', '2025-01-16 14:43:14.119959', NULL, '房产', '新浪乐居', 4535);
INSERT INTO `news` VALUES (46, '九号院花园洋房5月开盘起价3780元', '\n    第二站：九号院花园洋房\n    物业位置：燕郊开发区燕顺路旁\n    销售均价：4300元/平米\n    图为九号院花园洋房外观效果图\n    九号院花园洋房预计5月开盘，起价3780元/平米，2009年12月31日入住，公交930路直达。\n    九号院花园洋房建筑面积2.8万平方米，容积率1.99，由三栋多层板楼构成的城市低密度花园洋房社区。总规划户数266户，7层板楼带电梯花园洋房，从而保证了生活的高舒适度以及社区的私密性。80---120平米多功能户型，南北通透，得房率高，质优价低超高，完美实现了工作在CBD区域以及CBD周边区域社会精英梦寐以求的生活。\n    九号院花园洋房在保证与自然亲近的同时，为生活提供了更多便捷。三栋板楼围合的半开放式私家庭院，在区域内同等项目中可谓别具一格。赏四季美景、观风花雪月。近在咫尺的达观别墅，优越的高尔夫生态环境以及九号院自身优美的园林，可谓是一步一风景，一景一世界。星级高尔夫一路之隔，闲暇之余尽可与三两挚友挥杆与果岭之上。\n    以上信息仅供参考，最终以开发商公布为准。\n    ', '2025-01-16 14:44:08.523104', NULL, '房产', '九号院花园洋房', 1488);
INSERT INTO `news` VALUES (47, '九号院花园洋房5月开盘起价3780元', '\n    第二站：九号院花园洋房 (论坛 相册 户型 样板间 地图搜索)\n    物业位置：燕郊开发区燕顺路旁\n    销售均价：4300元/平米\n    图为九号院花园洋房外观效果图\n    九号院花园洋房预计5月开盘，起价3780元/平米，2009年12月31日入住，公交930路直达。\n    九号院花园洋房建筑面积2.8万平方米，容积率1.99，由三栋多层板楼构成的城市低密度花园洋房社区。总规划户数266户，7层板楼带电梯花园洋房，从而保证了生活的高舒适度以及社区的私密性。80---120平米多功能户型，南北通透，得房率高，质优价低超高，完美实现了工作在CBD区域以及CBD周边区域社会精英梦寐以求的生活。\n    九号院花园洋房在保证与自然亲近的同时，为生活提供了更多便捷。三栋板楼围合的半开放式私家庭院，在区域内同等项目中可谓别具一格。赏四季美景、观风花雪月。近在咫尺的达观别墅，优越的高尔夫生态环境以及九号院自身优美的园林，可谓是一步一风景，一景一世界。星级高尔夫一路之隔，闲暇之余尽可与三两挚友挥杆与果岭之上。\n    以上信息仅供参考，最终以开发商公布为准。\n    ', '2025-01-16 14:44:56.117965', NULL, '房产', '九号院花园洋房', 9958);
INSERT INTO `news` VALUES (48, '金蝶纯利增长达34%创四年同期新高', '\n    金蝶国际软件集团有限公司(下称“金蝶国际”或“集团”) (香港股票代码：0268) 今天公布其截至2008年6月30日止的中期业绩。金蝶国际于回顾期内的营业额约为人民币422,366,000元，较2007年同期增长约27%。毛利增至约人民币331,747,000元，增幅约26%。权益持有人应占盈利为人民币53,029,000元，较2007年同期上升约34%。净利润率较2007年同期上升0.8个百分点，达到12.6%。每股基本盈利为人民币0.0284元(2007年同期：人民币0.0218元)。不派发中期股息(2007年同期：无)。\n    2008年金蝶国际积极推行由产品型公司向服务型公司转型，建立管理专家形象战略，高端市场经营成为2008年业务重点，金蝶高端ERP产品——金蝶EAS产品软件收入比去年同期大幅增长72%，遥遥领先于国内外ERP供应商同类产品的增长。金蝶EAS以大规模应用时的性能、集成性和可用性等方面的优秀表现获得IBM颁发的灯塔(WebSphere Beacon Award Finalist)大奖。\n    金蝶国际董事局主席徐少春表示：“全球经济增展放缓及国内宏观经济的调整让中国企业更加关注内部管理，以提升企业运营效率及降低成本。作为重要资源管理及节省人手的工具，企业管理软件的市场需求有增无减。金蝶将继续深化推行服务转型战略，利用独特的ERP+中间件优势，在中小企业市场连续多年获得市场占有率第一的有利基础上，继续加大高端市场的投入，进一步扩大高端市场的占有率。”\n    ', '2025-01-16 14:45:48.293504', NULL, '股票', '金蝶国际', 8380);
INSERT INTO `news` VALUES (49, '1月8日美股专家坐堂实录', '\n    1月5日-9日，新浪财经邀请美股专家warren王在线坐堂，为网友解答投资难题。以下是8日答疑实录。\n    网友[匿名]问：大师请指导一下LVS怎么操作，我7.5买进的。(2009-01-08 17:14:40)\n    专家[warren王]答：LVS跌会突破点支撑，短期继续走软的风险正在增大。(2009-01-08 17:14:40)\n    网友[匿名]问：哈哈哈哈哈哈，王神仙啊，您晚上好啊。今天跌的厉害啊。麻烦您再给看一下002079啊，是否要走坏啊？逢低还能再买些吗？谢谢您了。(2009-01-08 19:24:21)\n    专家[warren王]答：晚上好，此股受大盘影响，已经出现假突破，要警惕了，从短线角度，可考虑停损走人，当然仅供参考。(2009-01-08 19:24:21)\n    网友[匿名]问：Hi, Wang. Good to have you back. What do you think about the prospect of alcohol industry in the near future? I would like to buy either 000568 or 000858. Do you think it the right time? Which of them do you recommend? Thanks.(2009-01-08 19:55:31)\n    专家[warren王]答：000568:周线还是整理走势,注意17.80的支撑。 000858:周线已经破位，有继续走低的风险。 (2009-01-08 19:55:31)\n    网友[匿名]问：王哥,你是我的幸运星啊!见到你就有好运气,这几天你坐堂我操作都很顺利!哈哈,今天帮我看下600352,早盘6.82全仓杀进,不错吧,一路走高,帮我看下阻力在哪,啥时候出?谢谢拉!!!!(2009-01-08 21:10:30)\n    专家[warren王]答：压力在7.71附近。(2009-01-08 21:10:30)\n    网友[匿名]问：老师好,我第一次来,这里是谈美股的地方,对吗?请教一下,您对今晚的美盘如何看,如果能谈到明天的港股就更好了.我关心的是道指和恒指.谢谢.(2009-01-08 21:23:25)\n    专家[warren王]答：美股继续走低的可能在增大，但是周五是时间之窗，同时也要公布失业报告，非常可能出现反转走势,所以周五行情值得注意。(2009-01-08 21:23:25)\n    网友[匿名]问：老王啊,多亏你的指点,我开盘把中国联通垃圾给卖了啊,少损失5%啊,哈哈,多谢啊!!!破4我再买回来你看行吗? 老王啊,多亏你的指点,我开盘把中国联通垃圾给卖了啊,少损失5%啊,哈哈,多谢啊!!!破4我再买回来你看行吗?(2009-01-08 21:34:09)\n    专家[warren王]答：周线支撑在4.73,跌破，将有创新低的风险，注意下这个点位。(2009-01-08 21:34:09)\n    网友[匿名]问：Mr. 王，你好。我请教了几天了，希望今天能有回答，600158我5.25的成本，不知如何操作。000821人人都说垃圾股，我3元重仓。再就是前几天你说的600497买了几手试试。10.55的成本，没问题吧，谢谢老王！(2009-01-08 21:34:48)\n    专家[warren王]答：600158我5.25的成本:头肩底的形态依然在形成之中，关注6.05的压力点。 000821:短期可能继续走低。(2009-01-08 21:34:48)\n    网友[匿名]问：王老师，601919中国远洋，不死不活，应该怎么操作？(2009-01-08 21:39:02)\n    专家[warren王]答：注意7.40的趋势线支撑，跌破，就麻烦了。(2009-01-08 21:39:02)\n    ', '2025-01-16 14:46:56.285950', NULL, '股票', '新浪财经', 3733);
INSERT INTO `news` VALUES (50, '家装减碳从点滴来做起 实现家居装修低碳的目标', '\n    “低碳节能”之风吹遍大江南北的时候，也深入家装人士之心。作为“定制化”程度很高的行业，消费者的选择决定了原材料的选择、生产的过程和成品的呈现，只有消费者和企业一起努力，才能真正实现“减碳”。在装修过程中怎么做才能实现“低碳”目标呢？专家表示，材料、设计、工程哪个环节都不能少。\n    一、设计：简约、自然最佳\n    低碳家装要从源头——设计抓起。首先，“轻装修、重装饰”的设计理念，可以让整体工程的“碳排量”降下来，在低碳之余还为家装费用“减负”。其次，空间设计上应考虑利用自然资源、自然通风、多向采光，减少空调及照明设备的使用。采用一些特殊的节能系统，像红外线感应灯光开关系统实现“人走灯熄”来节约电能。\n    二、材料：选用环保、节能产品\n    在设计选材上，尽量选用环保、易再生、可回收的装饰材料，少用或不用纯实木地板，多用复合强化地板，如竹地板、竹胶饰面板等；用水性漆而尽量不用油性漆；选用工厂加工好的成品或半成品。\n    在保证使用功能的情况下，可尽量选择耗电量、用水量低的日常用具，减少资源浪费和水电费用支出。\n    一些可以自行调节能耗功能的产品也可考虑。如具有随控开关的面板可以方便地将电器电源关掉，避免其长期处于待机状态而耗电，还可以保护电器；带有定时控制阀的采暖系统在家中无人时可调低室温，待需要提高温度时，使用自控调节阀定时调整，达到节能的效果。\n    家装公司减碳要点\n    家装公司的所作所为也能做到减碳。\n    1、节省施工照明用电：日常施工照明用电，采用节能灯取代白炽灯；油工打磨腻子时用防爆灯，采用瓦数更低的白炽灯。\n    2、节省施工机具用电：采用低功率气泵、电钻取代大功率气泵、电钻；采用非电动式陶瓷切割机取代大功率云母机。\n    3、节省施工用水：现场使用临时水盆，洗手时水盆下水接入专用存水桶内，洗手水用于冲厕等。\n    三、施工：点滴做起多头并进\n    施工工程部分是家装的重点，此过程减碳一方面要在过程中主动出击直接减少碳排量，另一方面是为家装完成后的“碳排量”打下基础，做好“卫士”工作。\n    1、直接减排\n    瓷砖采用薄贴法，用石膏板轻质隔墙部分代替砖砌墙以及采用合理防水涂布，都可以做到直接减排。\n    专家介绍，传统铺贴法采用水泥砂浆作为瓷砖粘贴材料，粘贴层厚度为20-30mm。薄贴法则采用新型的瓷砖粘贴材料，粘贴层厚度仅为2-4mm，材料为成品，较传统方法节省大量的材料和施工时间，粘贴强度还优于传统方法。\n    出于格局改造需要，新建墙体也很常见。黏土砖的生产存在高能耗、严重污染环境的问题，用其砌新建墙还会加重楼梯承载。石膏板则质轻、耐火、保温，用它砌筑轻质墙将会大为节省煤、水泥用量，从而减少碳排量。\n    2、减碳卫士\n    更换优质门窗、做好外墙内保温、减少水电备用端口等可作为房屋建筑一道防止能量损失的墙。\n    一些老房的门窗老化、生锈，已经成为能源损耗的“罪魁祸首”。年志仁表示，最好能够换上密封性能好的门窗产品，铁窗、木窗可换成塑钢窗或断桥铝合金窗，窗玻璃可换成中空双层玻璃或真空双层玻璃。\n    做好外墙内保温系统可以减少夏季制冷、冬季采暖的能耗。位于顶层、西向、把角的户型可在与外部相接的墙体内侧做一个保温层，实现隔热、保温、隔音。\n    不少业主在装修中会将今后可能用到的端口位置都预留出来。事实上，这些备用端口的使用率极低，不仅会造成材料浪费，备用强电端口还会产生电能损耗，水路端口会留下渗漏、爆管等隐患，建议合理预留端口，不要一味求全。\n    无绳电话、电冰箱等需要长期通电使用的电器，可在总控开关中单独布线。不需用电时可将总控开关中的其他开关关掉，既可减少电能损耗，又可保证电器安全，最大程度避免电路隐患。\n    ', '2025-01-16 14:47:39.753253', NULL, '家居', '家装减碳', 9098);
INSERT INTO `news` VALUES (51, '昆明慕思启幕盛典暨2011慕思探索欧洲睡眠文化之旅闪动春城', '\n    (新浪乐居房产讯 编辑/李秀婷)7月23日，“昆明慕思启幕盛典暨2011慕思探索欧洲睡眠文化之旅昆明站”在居然之家世纪金源店隆重举行。昆明慕思的启幕预示着慕思正式将其整合的全球睡眠资源全面引入昆明，给春城人民带来更加近距离的优质健康睡眠体验。\n    昆明家居协会会长、昆明居然之家总经理、慕思营运中心总经理、明星邰正宵等重要嘉宾出席了本次活动，凤凰卫视主持人尉迟琳嘉特邀莅临主持。活动现场以激情四射的法国著名舞蹈康康舞开场，慕思营运中心总经理盛艳、昆明居然之家总经理陈洋等嘉宾、专家与大家一起分享健康睡眠文化知识。随后，欧洲宫廷服装秀、魔术表演、小提琴表演以及技艺超群的《肩上芭蕾》都先后亮相。邰正宵同时出席活动，献唱经典情歌并参与剪彩，表达对健康睡眠的认识及期待，引爆活动现场。\n    倡导东西方睡眠文化交流 帮全人类找回好睡眠\n    据悉，慕思欧洲睡眠文化之旅旨在募集对健康睡眠看重的消费达人，带领消费者游历欧洲璀璨文明五，走访欧洲先进寝具厂商，探讨中国与欧洲的睡眠文化差异、倡导健康睡眠理念、让国人意识到良好的睡眠习惯对美好生活的重要性。此次慕思畅享o欧洲睡眠文化之旅活动将在国内诸多城市以及瑞士、法国、意大利、比利时4个国家间展开，既是融合了东方人的睡眠观点探讨，又包含了西方顶尖的睡眠标准及睡眠文化的走访，从社会、生活方式、文化、科技及消费等多个层面，发掘睡眠话题的各个学科的跨界内涵，以引发公众关注及讨论的社会效应。\n    “很长一段时间来看，国人在买床的时候，看重的更多是款式，而欧洲人，他们对睡眠的看重让人惊讶：他们把最先进、最精华的材料都用在了床的身上，一系列高科技材料、高品质织物，我们都能够从欧洲人的床架上、床垫上找到。”慕思营运中心总经理盛艳在接受新浪乐居采访时表示，慕思希望通过打造欧洲探访之旅这一平台，对欧洲水民文化以及寝具用品调研，将欧洲睡眠设计元素和最先进、最精华的材料，结合用于寝具这个优质睡眠的体，帮助中国人找到最佳睡眠状态。\n    慕思欧洲之旅  探索睡眠再度升级\n    慕思带领消费者和文化名人前往德、意、比、法等欧洲国家探索睡眠文化，解开睡眠的神秘面纱，似乎大题小做，不可思议。但是慕思通过自己近3年的切实行动，发现了睡眠这个领域潜藏的无限价值。\n    2009年，慕思成功举办了第一届欧洲睡眠之旅活动，虽然当时整个见证之旅的团队只有10人，却引起了全国媒体的广泛关注，市场反馈良好，并在睡眠文化的技术层面上让活动参与者大开眼界。2010年，慕思欧洲之旅在上一届成功举办的基础上，再上层楼，吸引了近万名消费者通过慕思600家专卖店参与活动，更实现了与兰博基尼寝具的历史性牵手。\n    业内人士表示，慕思公司之所以能在业内赢得“健康睡眠专家”的美誉，主要是其在高端床品中采用了大量的国外最新睡眠科技技术，注重引进国际领先技术。这些优质的睡眠资源、国际领先的睡眠产品，均具遵循欧式现代的设计风格，突出简单、环保、实用的品质，同时具有全面自动化机器制造、符合人体工程学，能有效记忆睡眠者信息等特点。把最有效的健康睡眠技术和材料运用于产品中，是构建“健康睡眠系统”的重要保障。 主办方表示，2011年第三届慕思欧洲睡眠文化之旅也将在探索睡眠升级的道路中不断前行。\n    升级睡眠系统概念 睡眠亦有“道”\n    此次欧洲睡眠文化之旅，相较上两届活动，有了更多的不同和亮点。据举办方介绍，慕思站在东西方睡眠文化交流以及博采众长、“拿来主义”的全球大视野下，秉承更加开放的态度，无论东方的观念，还是西方的技术，只要有助于睡眠，就是此次活动的关注重点。并且此次活动中，慕思将再次升级“睡眠系统”的概念——不再是单纯的寝具概念，更是融合了睡眠的其他几大要素：色彩、听觉、气味、饮食、身体、心态等六大方向，从寝具硬件到睡眠意识、从城市文化到睡眠文化，从科技到哲学层面的探讨，实现睡眠由“技”向“道”的步步衍进，从而使得慕思向真正的睡眠专家又迈进一步。\n    对睡眠的研究任重而道远，慕思一直秉承精益求精、服务至上的原则，力争打造真正的睡眠专家，我们有理由相信，慕思的明天一定会更加美好！\n    ', '2025-01-16 14:48:33.767370', NULL, '家居', '新浪乐居', 3390);
INSERT INTO `news` VALUES (52, '风水专家分享新房规划秘诀：打造和谐家居环境', '\n    近日，知名风水专家张定?在一次公开讲座中分享了如何利用风水规划新房的秘诀，吸引了众多听众的关注。张定?表示，合理的风水布局不仅能提升家居环境的舒适度，还能为家庭带来财富和好运。\n\n    张定?指出，规划新房时有几个关键原则需要遵循：\n\n    1. **进门先见客厅**：客厅是迎宾之所，象征财富和人缘。进门应先看到客厅，而不是餐厅或厨房，这样有助于吸引财富和好运。客厅代表男主人的地位，传统上客人来访时，女性应避开，因此客厅应位于显眼的位置。\n\n    2. **厨房的重要性**：厨房是家庭的财库，象征财富和温饱。厨房的位置和布局应合理，确保家庭经济状况良好。厨房也代表女主人的地位，合理的厨房布局有助于家庭和谐。\n\n    3. **卫生间的位置**：卫生间是污秽之地，应避免位于房屋的左侧（青龙位），以免影响家庭和谐。最好将卫生间放在右侧（白虎位），象征女性的本位。如果是暗卫，建议安装除湿器，保持干燥，以减少对健康的影响。\n\n    4. **卧室的布局**：卧室是休息和生儿育女的地方，应保持安静和舒适。卧室的布局应合理，确保良好的睡眠质量。梳妆台是卧室的重要部分，象征家和万事兴，女性应有梳妆台，以保持良好的精神状态和家庭和谐。\n\n    张定?还特别提醒，现代楼盘中常见的暗卫设计对家庭健康有一定影响，建议安装除湿器以改善环境。\n\n    此次讲座受到了广泛好评，许多听众表示受益匪浅，计划在新房装修中应用这些风水原则。\n    ', '2025-01-16 14:52:18.433051', NULL, '家居', '风水专家张定', 4488);
INSERT INTO `news` VALUES (53, '10分钟精通卫生间装修：打造舒适实用的私密空间', '\n    在现代家居设计中，卫生间不仅是日常清洁的场所，更是调剂身心、放松神经的重要空间。如何在有限的空间内实现功能与美感的完美结合？以下是卫生间装修的实用指南。\n\n    ### 1. **材料选择**\n    卫生间的设计应以方便、安全、易于清洗和美观为主。由于卫生间水气较重，装修材料必须防水、抗腐蚀和防霉。常见的选择包括：\n    - **墙面和天花板**：瓷砖、强化板和防水塑料壁纸是理想选择。天然石料如大理石虽质感独特，但在狭小空间内效果有限。\n    - **地板**：天然石料地砖耐用且美观，大型瓷砖易于清洁，塑料地板防滑性能优越。目前，许多家庭选择防滑耐磨砖，规格多样（如300mm×300mm、200mm×300mm等），搭配腰线、花砖和踢脚线，提升整体美感。\n\n    ### 2. **吊顶设计**\n    卫生间的吊顶可根据造型选择不同材料：\n    - **平顶**：适合使用PVC扣板、铝扣板或塑铝板，搭配轻钢龙骨。\n    - **艺术吊顶**：可选用软质防水板、塑铝板或彩色玻璃，增添艺术感。\n    - **高度建议**：为避免空间显得空荡，吊顶高度可设计在2.2米～2.4米之间。对于面积超过8平方米的卫生间，可在洗面盆上方安装化妆品柜，或在远离水源处设置储衣区。\n\n    ### 3. **色彩搭配**\n    卫生间的色彩效果由墙面、地面材料和灯光共同决定：\n    - **冷色调**：如浅灰色瓷砖、白色浴缸和奶白色洗脸台，搭配淡黄色墙面，营造清新洁净的氛围。\n    - **暖色调**：如乳白、象牙黄或玫瑰红墙体，搭配相近颜色的地板，在柔和灯光下显得温馨舒适。\n    - **经典搭配**：黑色与金色结合，搭配玻璃、云石和镜子，在灯光映衬下更显高贵气派。此外，黑白搭配简洁明快，辅以绿植点缀，增添生气。\n\n    通过合理的材料选择、吊顶设计和色彩搭配，卫生间不仅能满足实用需求，还能成为家居中的一抹亮色。\n    ', '2025-01-16 14:53:01.273947', NULL, '家居', '家居设计指南', 9448);
INSERT INTO `news` VALUES (54, '12万打造140平都市田园风家园：碎花与绿意中的自然生活', '\n    在现代都市生活中，田园风格以其自然、温馨的特质成为许多人喜爱的家居风格之一。碎花与绿意的结合，不仅让人感受到大自然的美好，还为紧张的生活增添了一抹宁静与舒适。今天，我们来看看时尚达人如何用12万元打造出一套140平方米的都市田园风格家园。\n\n    ### 1. **整体设计理念**\n    都市田园风格以自然、舒适为核心，强调空间的开放性和通透感。通过柔和的色彩搭配、天然材质的使用以及绿植的点缀，营造出温馨而充满生机的居住环境。\n\n    ### 2. **色彩搭配**\n    - **主色调**：以米白、浅灰、淡黄等柔和的色彩为主，营造出清新自然的氛围。\n    - **点缀色**：碎花图案的布艺、绿色植物和木质家具的搭配，为空间增添活力与层次感。\n\n    ### 3. **材质选择**\n    - **墙面**：采用环保乳胶漆或壁纸，碎花图案的壁纸是田园风格的经典元素。\n    - **地面**：木质地板或仿木纹瓷砖，既自然又易于打理。\n    - **家具**：选择原木色或白色家具，搭配布艺沙发和碎花靠垫，突出田园风格的温馨感。\n\n    ### 4. **软装搭配**\n    - **布艺**：碎花窗帘、桌布和靠垫是田园风格的标志性元素，为空间增添柔美感。\n    - **绿植**：在客厅、阳台等区域摆放绿植，如龟背竹、绿萝等，营造自然气息。\n    - **装饰品**：藤编篮子、陶瓷摆件和复古挂钟等小物件，进一步强化田园风格的主题。\n\n    ### 5. **预算分配**\n    - **硬装（墙面、地面、吊顶等）**：约6万元。\n    - **家具（沙发、床、餐桌等）**：约3万元。\n    - **软装（布艺、绿植、装饰品等）**：约2万元。\n    - **其他（灯具、电器等）**：约1万元。\n\n    通过合理的预算分配和精心的设计，这套140平方米的都市田园风格家园不仅美观实用，还充满了自然与温馨的气息。无论是忙碌工作后的放松，还是与家人共度的美好时光，这里都是一个理想的家居空间。\n    ', '2025-01-16 14:54:08.440051', NULL, '家居', '时尚家居', 9304);
INSERT INTO `news` VALUES (55, '法国留学政策解读：理工科与商学院学生更受欢迎', '\n    在3月24日的法国文化开放日活动中，法国驻广州总领事馆文化处、法国驻华大使馆语言与学术评估中心（CELA）以及法国教育国际协作署的负责人就留学法国的相关政策进行了详细解答。以下是关于法国留学的最新动态和建议。\n\n    ### 1. **理工科与商学院学生更受欢迎**\n    法国的留学政策优先考虑理工科、商科或管理类专业的学生，尤其是硕士及硕士以上学历的申请者。尽管经济类和艺术类专业的学生也有不少选择法国留学，但理工科学生更受青睐。法国教育部门表示：“我们欢迎高中生，但更欢迎拥有大专或本科以上学历的学生。”\n\n    ### 2. **语言要求：学好法语是关键**\n    语言是留学法国的关键因素之一。虽然部分课程提供英语授课，但相关人士强烈建议学生在国内先学好法语。“这不仅是为了满足生活需求，也是为了更好地融入法国文化。”法国驻华大使馆官员表示，留法学生不仅需要学习专业知识，还应通过语言深入了解法国的文化和思维方式。\n\n    据统计，大多数被拒签的学生是因为语言不过关。申请者需掌握基本的语言技能，并提供不少于500学时的语言学习证明。不过，法国领事馆也强调，没有明确的分数线要求，而是根据学生的具体情况判断其是否适合在法国学习。\n\n    ### 3. **留学计划与职业规划**\n    在面试过程中，签证官会重点关注学生的留学计划和职业规划，包括在中国学习的背景、选择的专业、留学目标以及未来的职业方向。法国教育部门会根据学生的条件，对其选择的专业提出建议，并帮助其制定合理的留学计划。\n\n    法国的教育体制分为综合大学、高等专业学院和专科院校三种类型。专家建议，如果学生希望从事理论研究，最好选择提供博士学位的公立大学；如果倾向于职业技术方向，则可以选择专业学院。\n\n    ### 4. **就业前景：商学院校友网络助力职业发展**\n    有留学生代表指出，法国商学院拥有强大的校友网络，能够为学生提供与企业联系的平台，从而带来更好的就业机会。相比之下，公立大学的学生在找工作时可能需要更多时间，起薪也相对较低。\n\n    通过合理的留学规划和语言准备，学生可以在法国获得优质的教育资源，并为未来的职业发展打下坚实基础。\n    ', '2025-01-16 14:54:42.933281', NULL, '教育', '程建兰 宋导', 6397);
INSERT INTO `news` VALUES (56, '教育部发布赴比利时留学预警：提醒留学生遵守规定，避免入境受阻', '\n    针对近期我国赴比利时留学人员在入境时被比利时海关拒绝或办理身份证明时被要求限期出境的事件，教育部于23日发布留学预警，提醒赴比利时留学人员严格遵守相关规定，避免因违规行为导致入境受阻或被迫离境。\n\n    ### 主要问题及原因\n    1. **未按时报到**：部分留学人员未能按大学或语言培训中心录取通知书规定的时间报到，导致在入境时被比利时海关扣留。如果学校答复不予注册，留学人员将被拒绝入境。\n    2. **虚假经济担保**：一些留学人员听信网上信息或传言，花钱购买所谓的“合法”经济担保或使用假经济担保办理身份证明。比利时政府有关部门发现后，留学人员被要求限期离境。\n\n    ### 教育部的提醒\n    1. **严格遵守规定**：赴比利时留学人员必须严格按照录取通知书的入学注册日期到学校报到。如因故延迟，需事先与学校联系并获得批准。\n    2. **警惕虚假信息**：不要轻信网上或他人发布的“有偿提供合法经济担保或合法身份证明”的信息，以免遭受经济损失或法律风险。\n    3. **经济担保要求**：比利时留学签证要求提供合法的经济担保文件，包括担保人的收入证明、银行存款证明等。务必通过正规渠道办理相关手续。\n\n    ### 其他注意事项\n    - **签证材料准备**：申请比利时留学签证时，需提供完整的材料，包括护照、录取通知书、经济担保文件、无犯罪记录证明等。材料不全或不符合要求可能导致签证被拒。\n    - **入境后手续**：抵达比利时后，需在8天内到当地市政厅办理居留许可登记，否则可能面临法律问题。\n\n    教育部提醒广大赴比利时留学人员，务必遵守比利时的法律法规，按时报到并确保所有材料的真实性和合法性。同时，提高警惕，避免因轻信虚假信息而遭受不必要的损失。如需进一步了解比利时留学签证的具体要求，可参考比利时驻华使馆或签证中心的官方信息。\n    ', '2025-01-16 14:56:18.670697', NULL, '教育', '张宗堂 熊聪茹', 7083);
INSERT INTO `news` VALUES (57, '澳际专家谈国际教育巡回展：留学需求激增，海外院校争相开拓中国市场', '\n    10月16日下午，北京澳际教育咨询有限公司的国内市场总监曹红、澳新亚留学中心总监孙晶、美英留学中心总监孙楠和加欧留学中心总监刘诗民做客新浪，就澳际出国留学“2007金秋国际教育巡回展”等相关话题与广大网友进行了深入交流。以下是本次访谈的实录摘要：\n\n    ### 1. **国际教育巡回展的背景**\n    澳际出国留学自2000年起已成功举办了28届国际教育巡回展，覆盖美国、加拿大、英国、澳大利亚等主流留学国家。今年的“2007金秋国际教育巡回展”是规模最大的一次，邀请了超过150所海外院校参与，为中国留学生和家长提供了与海外院校直接交流的机会。\n\n    ### 2. **中国留学市场需求激增**\n    曹红表示，中国留学生对海外教育的需求逐年增长。以澳大利亚为例，2000年时每年仅有2000至3000名学生赴澳留学，而到2006年，这一数字已接近8000至10000人，占全国赴澳留学人数的三分之一。澳际出国留学作为行业领军者，每年为大量学生提供留学服务。\n\n    ### 3. **留学目的与趋势变化**\n    孙晶指出，留学目的已从过去的“富人家孩子的选择”转变为普通家庭的重要教育投资。澳大利亚的技术移民政策放宽以及高就业率，吸引了大量中国学生。留学不仅是为了获得海外学历，更是为了在当地就业、移民或回国发展，实现多重目标。\n\n    ### 4. **留学服务与建议**\n    - **选择院校**：建议学生根据自身兴趣、职业规划和预算选择合适的院校和专业。\n    - **签证与申请**：留学申请需提前准备材料，包括语言成绩、学术证明和经济担保文件。\n    - **文化适应**：留学不仅是学术提升，更是跨文化体验。学生应提前了解目标国家的文化和生活习惯。\n\n    ### 5. **未来展望**\n    随着中国经济的快速发展和国际化程度的提高，留学需求将持续增长。海外院校也积极开拓中国市场，为中国学生提供更多优质教育资源。澳际出国留学将继续发挥桥梁作用，帮助学生实现留学梦想。\n\n    本次访谈为有意向留学的学生和家长提供了宝贵的建议和信息，进一步推动了国际教育交流与合作。\n    ', '2025-01-16 14:58:05.345302', NULL, '教育', '澳际出国留学', 7223);
INSERT INTO `news` VALUES (58, '专家提醒：留学忌盲目，做好职业规划是关键', '\n    人民网·天津视窗1月3日电：记者在采访中了解到，在当前严峻的就业形势下，越来越多的大学毕业生选择考研或出国深造，以应对金融危机带来的就业压力。然而，专家提醒，留学不应盲目，做好职业规划至关重要。\n\n    ### 1. **留学动机与现状**\n    许多大学毕业生希望通过读研或出国留学来规避就业压力。南开大学商学院市场营销专业的应届毕业生陈凯表示：“我正在准备考研，希望通过提升理论知识和实践技能，增加自己的阅历。”此外，由于留学费用相对降低，出国留学也成为不少毕业生的选择。\n\n    ### 2. **专家建议：留学需理性规划**\n    专家指出，留学不应仅仅是为了逃避就业压力，而应结合个人兴趣、职业目标和市场需求进行理性规划。以下几点建议可供参考：\n    - **明确目标**：留学前应明确自己的职业发展方向，选择与目标相关的专业和院校。\n    - **了解市场**：研究目标国家的就业市场和行业趋势，确保所学专业具有竞争力。\n    - **积累经验**：在留学期间积极参与实习、科研或社会活动，提升实践能力和职业素养。\n\n    ### 3. **留学与职业发展的关系**\n    留学不仅是学术提升的机会，更是职业发展的重要跳板。通过留学，学生可以拓宽国际视野、提升语言能力，并建立全球化的职业网络。然而，这一切的前提是做好充分的职业规划。\n\n    ### 4. **案例分析**\n    以陈凯为例，他选择考研是为了提升自己的竞争力，但专家建议他在考研的同时，也应关注行业动态，提前规划职业路径，避免盲目跟风。\n\n    总之，留学是一项重要的投资，需要理性对待。通过科学的职业规划和充分的准备，留学生可以更好地实现个人价值，并在未来的职场中脱颖而出。\n    ', '2025-01-16 14:59:19.586244', NULL, '教育', '人民网', 4501);
INSERT INTO `news` VALUES (59, '移民澳大利亚不可不知的十大基本福利', '\n    澳大利亚以其完善的社会福利体系闻名于世，吸引了众多移民。以下是澳大利亚的十大基本福利，帮助移民更好地了解这个国家的社会保障制度。\n\n    ### 1. **养老金政策**\n    年满60岁的女士和65岁的男士均可享受养老金，为老年人提供经济保障。\n\n    ### 2. **全民免费医疗保健 (Medicare)**\n    所有澳大利亚居民均可享受免费医疗保健服务，包括公立医院治疗和部分药品补贴。\n\n    ### 3. **失业救济金**\n    政府部门为失业者提供失业救济金，帮助其渡过经济困难时期。\n\n    ### 4. **特别救济金**\n    符合条件的人士可向政府申请特别救济金，用于应对突发经济困境。\n\n    ### 5. **低收入津贴**\n    低收入家庭或个人可申请津贴，以减轻生活负担。\n\n    ### 6. **12年免费义务教育**\n    澳大利亚提供中小学12年的免费义务教育，确保每个孩子都能接受基础教育。\n\n    ### 7. **孩子助养费和津贴**\n    孩子十八岁前，家庭可享受福利部提供的孩子助养费和津贴，减轻育儿成本。\n\n    ### 8. **大学学费无息政府贷款**\n    大学生可申请无息政府贷款支付学费，毕业后根据收入情况逐步偿还。\n\n    ### 9. **学生津贴**\n    孩子十八岁后，符合条件的学生可享受学生津贴，支持其继续深造。\n\n    ### 10. **其他福利**\n    澳大利亚还提供多种额外福利，包括分娩津贴、多子女津贴、未婚父母津贴和单身父或母津贴等，全面保障居民的生活需求。\n\n    澳大利亚的福利体系不仅覆盖广泛，而且注重公平与包容，为移民提供了坚实的社会保障。无论是老年人、失业者、低收入家庭还是学生，都能从中受益。\n    ', '2025-01-16 14:59:56.252455', NULL, '教育', '澳大利亚社会保障', 5578);
INSERT INTO `news` VALUES (60, '摩托罗拉：GPON在FTTH中比EPON更具优势', '\n    2009年，随着国内“光进铜退”趋势的加速，摩托罗拉凭借其在国际市场上丰富的GPON（Gigabit Passive Optical Network）运营经验，正式进军中国光通信市场。摩托罗拉宽带及移动网络事业部网络接入解决方案部全球营销与传播总监Floyd Wagoner表示，中国推进光纤到户（FTTH）的时机已趋于成熟，而摩托罗拉的GPON技术将帮助国内运营商提升效率。\n\n    ### 1. **GPON的国际性优势**\n    - **市场份额**：GPON预计将占据全球光纤到户市场的40%，尤其是在亚洲以外的地区，运营商对GPON的关注度显著增加。\n    - **带宽优势**：GPON的上下行带宽比EPON（Ethernet Passive Optical Network）至少高一倍。EPON支持上下行29Mbit/s的带宽，而GPON可达到下行79Mbit/s、上行37Mbit/s的实际带宽，显著提升了对数据业务的支持能力。\n    - **服务质量（QoS）**：GPON在多业务服务质量保障方面表现更优，尤其适合三网融合等复杂业务的推广。\n    - **传输距离**：GPON的光功率为28dB，比EPON的24dB更高，传输距离更远，可节省线路成本并覆盖更多终端单元。\n\n    ### 2. **GPON的成本与市场接受度**\n    GPON的成本已大幅下降，受到越来越多运营商的青睐。目前，中国电信、中国联通和中国移动均已将GPON列为光网络发展的优选技术。\n\n    ### 3. **摩托罗拉的创新性GPON解决方案**\n    - **ONT和OLT设备**：摩托罗拉开发了创新性的GPON ONT（光网络终端）和OLT（光线路终端），支持低密度OLT和高密度MDU（多住户单元）环境，满足运营商对网络边缘覆盖的需求。\n    - **网元管理系统**：摩托罗拉的FTTH网元管理系统AXSvision简化了网管界面，帮助运营商快速推出个性化娱乐业务。\n\n    ### 4. **未来展望**\n    随着GPON技术的不断成熟和成本的进一步降低，其在全球光纤到户市场中的份额有望继续增长。摩托罗拉凭借其技术优势和市场经验，将在推动中国FTTH发展中发挥重要作用。\n\n    总之，GPON在带宽、服务质量、传输距离和成本方面均优于EPON，成为运营商推进光纤到户的首选技术。\n    ', '2025-01-16 15:00:35.981967', NULL, '科技', '摩托罗拉', 8296);
INSERT INTO `news` VALUES (61, '中国联通全面升级网上营业厅：所有业务均可在线办理', '\n    11月8日，中国联通宣布其网上营业厅（www.10010.com）正式支持全国范围内的新装固定电话和宽带业务办理。这一举措标志着中国联通网上营业厅成为真正意义上的全业务营销和服务支撑平台，为用户提供更加便捷的在线服务。\n\n    ### 1. **新增业务功能**\n    - **固话与宽带新装**：用户可通过网上营业厅办理新装固定电话、新装ISDN电话、新装预付费电话、普通电话加装宽带、普通电话捆装宽带、预付费电话加装宽带、预付费电话捆装宽带等综合服务。\n    - **固网业务充值**：此前，中国联通已在北方十省份开通固定电话、宽带和小灵通的网上交费业务，并支持全国固网业务的网上充值。\n\n    ### 2. **移动业务支持**\n    - **手机交费与充值**：手机交费充值业务已全面上线，用户可随时随地为手机账户充值。\n    - **3G业务办理**：自10月1日起，用户可通过网上营业厅办理3G业务，包括购买iPhone等3G终端。\n\n    ### 3. **3G促销活动**\n    中国联通推出“选3G就选沃”主题促销活动，用户可享受以下优惠：\n    - 购买3G终端免USIM卡费。\n    - 免运费。\n    - 购买3G上网卡享受九五折优惠。\n\n    ### 4. **多渠道信息获取**\n    用户可通过以下电子渠道了解中国联通3G业务的相关信息：\n    - **中国联通企业门户网站**：www.chinaunicom.com\n    - **网上营业厅**：www.10010.com\n    - **手机营业厅**：wap.10010.com\n    - **短信营业厅**：发送任意短信至10010\n\n    通过这些渠道，用户可以了解3G业务商用情况、3G终端类型、3G服务导航以及热点问题解答。\n\n    ### 5. **用户体验升级**\n    中国联通网上营业厅的全面升级，不仅简化了业务办理流程，还为用户提供了更加多样化的服务和优惠活动，进一步提升了用户体验。\n\n    总之，中国联通通过网上营业厅的全业务支持，为用户提供了更加便捷、高效的服务，充分体现了其数字化转型的决心和创新力。\n    ', '2025-01-16 15:01:26.732704', NULL, '科技', '中国联通', 5680);
INSERT INTO `news` VALUES (62, '普天研发TD无线城市应用方案：助力十大示范城市建设', '\n    新浪科技讯 4月2日消息，中国普天作为国内主要的TD系统设备商之一，近日透露已成功研发出TD无线城市应用方案，涵盖政府办公、学校教学、城市交通等多个领域。普天的TD无线指挥调度系统和TD无线数据采集系统解决方案，将成为我国无线城市建设的重要技术支撑。\n\n    ### 1. **TD无线城市的定义与目标**\n    “TD无线城市”以城市信息化为基础，依托TD-SCDMA和EDGE移动通信网络，整合政务、产业和生活信息资源，通过手机客户端和WAP网站等形式，为市民提供全方位的信息与服务。中国移动计划打造十大示范城市，树立无线城市的标杆。\n\n    ### 2. **普天的TD无线城市解决方案**\n    - **TD无线指挥调度系统**：普天研发的TD无线指挥调度系统集成了可视化指挥调度、视频会议、视频监控和紧急预案处理功能，实现了音视频远程调度与业务处理的统一管理。该系统可提高决策时效和质量，适用于城市应急系统和指挥调度系统的构建。\n    - **TD无线数据采集系统**：通过HSDPA企业接入，普天的TD无线数据采集系统利用TD/HSPA无线技术实现公用行业终端的数据传输和监控。该系统特别适用于油田、煤矿等特殊场所，提供实时可靠的监控数据。\n\n    ### 3. **市场应用与前景**\n    - **示范城市建设**：厦门市已建成首个基于TD技术的“无线城市”，武汉移动也在布局“TD无线江汉”，推动高效政务服务民生。\n    - **技术优势**：TD-SCDMA凭借高速传输速率和强大的QOS保障，解决了2G时代无线通信速度与带宽的限制，为城市信息化和电子商务带来革命性推动。\n\n    ### 4. **未来展望**\n    普天相关人士表示，TD无线城市应用方案将助力我国各城市构建高效的指挥调度系统和应急管理系统。通过整合多级指挥调度功能，用户可实现高清晰可视指挥调度，满足实时交互需求。\n\n    总之，普天的TD无线城市应用方案不仅提升了城市信息化水平，还为政府、企业和市民提供了更加便捷的服务，展现了TD技术在无线城市建设中的巨大潜力。\n    ', '2025-01-16 15:02:03.338858', NULL, '科技', '  新浪科技', 8752);
INSERT INTO `news` VALUES (63, '天翼3G手机可看交通：中国电信开启便民出行服务新时代', '\n    中国电信武汉分公司近日与公安、交管部门展开深入合作，在全国首推“天翼看交通”3G信源复式合作模式。用户可通过天翼3G手机、ITV及武汉热线网站等多种方式查看实时交通路况信息，开启了便民出行服务的新时代。\n\n    ### 1. **“天翼看交通”的功能与优势**\n    - **实时路况查看**：中国电信武汉分公司在全市40余处主要交通路段设置视频头，通过3G网络将实时路况传输至“天翼看交通”客户端。用户可通过天翼3G手机、PC或武汉热线网站查看实时交通信息。\n    - **多终端支持**：用户可通过天翼3G手机安装客户端软件，或通过武汉热线WAP网站查看路况。此外，中国电信明星机型MOTO XT800也将适配该功能。\n    - **缓解交通拥堵**：市民可根据实时路况选择畅通的出行线路，有效缓解因信息不畅引发的交通堵塞。\n\n    ### 2. **技术实现与融合服务**\n    “天翼看交通”利用3G无线宽带与互联网宽带融合技术，提供实时交通信息服务。中国电信凭借覆盖范围最广的3G网络，率先推出此项便民服务，成为全国唯一能够快速推广此类服务的运营商。\n\n    ### 3. **便民服务与社会价值**\n    - **信息共享**：通过与公安、公交、城管及广播电台等单位合作，实现信息三屏共享（手机、PC、ITV），打造全方位便民服务平台。\n    - **城市管理**：该服务不仅为市民提供便利，还为城市交通管理提供了信息化支持，成为解决交通拥堵问题的重要手段。\n\n    ### 4. **未来展望**\n    中国电信武汉分公司计划不断扩大服务内容和规模，增加网络覆盖范围，为市民提供更优质的服务。未来，“天翼看交通”将成为市民出行的重要工具，手机不仅是通信设备，更是实时路况查询、导航和信息获取的多功能终端。\n\n    总之，“天翼看交通”通过3G技术与互联网的深度融合，为市民提供了便捷的实时交通信息服务，开启了便民出行服务的新时代，同时也为城市交通管理提供了有力支持。\n    ', '2025-01-16 15:02:44.035813', NULL, '科技', '天翼', 4738);
INSERT INTO `news` VALUES (64, 'O2将为两款手机操作系统提供移动支付服务', '\n    1月25日消息，据国外媒体报道，西班牙电信旗下移动运营商O2宣布，2011年将为两款新的手机操作系统提供应用商店支付服务。这一举措标志着O2在移动支付领域的进一步扩展。\n\n    ### 1. **O2的移动支付计划**\n    - **新操作系统支持**：O2德国CEO雷内·舒斯特尔（Rene Schuster）表示，O2德国将于2011年为两家“重要的”技术提供商提供应用支付服务，但未透露具体细节。\n    - **Bada系统支持**：O2此前已宣布将为三星Bada操作系统提供应用支付服务，用户可通过手机账单支付应用费用。\n\n    ### 2. **移动支付的市场趋势**\n    - **行业重视**：移动支付正受到运营商和设备厂商的广泛关注。谷歌计划在最新版Android系统中支持近场支付技术，法国电信也在开发支持非接触式支付的新SIM卡版本。\n    - **市场增长**：咨询公司Booz & Co预测，全球移动设备娱乐和办公工具市场将从2010年的143亿美元增长至2014年的400亿美元。\n\n    ### 3. **O2的战略意义**\n    - **用户体验提升**：通过提供应用支付服务，O2将简化用户的支付流程，提升应用商店的使用体验。\n    - **市场竞争力**：O2的移动支付服务将增强其在移动应用市场的竞争力，吸引更多用户和开发者。\n\n    ### 4. **未来展望**\n    随着移动支付技术的不断成熟，O2有望进一步扩展其支付服务范围，覆盖更多操作系统和设备类型。这将为移动应用市场的快速发展提供有力支持。\n\n    总之，O2的移动支付服务不仅顺应了行业趋势，还为用户和开发者带来了更多便利，展现了其在移动支付领域的创新力和前瞻性。\n    ', '2025-01-16 15:03:43.586733', NULL, '科技', 'O2', 3875);
INSERT INTO `news` VALUES (65, '中国肯德基突破3000家：全新品牌口号“生活如此多娇”发布', '\n    2010年6月1日，中国肯德基在上海漕宝路星星广场迎来了其在中国大陆的第3000家餐厅开业，并同步发布了全新品牌口号“生活如此多娇”。这一里程碑事件不仅标志着肯德基在中国市场的持续领跑，也展现了其“立足中国、融入生活”的品牌战略。\n\n    ### 1. **3000家门店的背后**\n    - **快速扩展**：从1987年在北京开设第一家餐厅，到2004年突破1000家，再到2010年达到3000家，肯德基在中国的发展速度令人瞩目。特别是在2009年全球金融危机的背景下，肯德基逆势增长，全年新开门店超过400家，覆盖500多个城市。\n    - **广泛覆盖**：肯德基的门店已遍布中国大陆除西藏以外的30个省、市、自治区，从一线城市到县级市甚至乡镇，消费者都能轻松找到肯德基的身影。\n\n    ### 2. **全新品牌口号“生活如此多娇”**\n    - **品牌升级**：肯德基将沿用多年的品牌口号“有了肯德基，生活好滋味”升级为“生活如此多娇”，旨在深化“新快餐”品牌策略，传递更丰富的生活理念。\n    - **文化共鸣**：新口号灵感来源于《沁园春·雪》中的名句，旨在通过中国文化元素与消费者产生情感共鸣，表达肯德基不仅是餐饮品牌，更是生活的一部分。\n\n    ### 3. **品牌愿景与活动**\n    - **生活态度**：肯德基希望通过新口号传递一种积极的生活态度，鼓励消费者在平凡中发现美好，感受生活的多彩与丰富。\n    - **主题活动**：肯德基启动了为期半年的“一起多娇”主题活动，通过餐厅互动、网络征集和地面活动等多种形式，与消费者共同寻找和记录生活中的美好瞬间。\n\n    ### 4. **广告片与市场推广**\n    肯德基同步发布了全新品牌口号的广告片，通过明星产品的缤纷亮相和明亮跃动的画面，诠释美味带来的快乐与享受。广告片于全国电视台首播，进一步强化品牌形象。\n\n    ### 5. **未来展望**\n    肯德基品牌总经理韩骥麟表示，肯德基不仅是餐饮品牌，更是消费者生活中的伙伴。未来，肯德基将继续通过创新的产品和服务，陪伴消费者共同成长，成为“多娇生活”的一部分。\n\n    总之，中国肯德基突破3000家门店并发布全新品牌口号，不仅展现了其在中国市场的强大影响力，也标志着品牌从“美味”到“生活”的战略升级。\n    ', '2025-01-16 15:05:07.011609', NULL, '社会', '肯德基', 4331);
INSERT INTO `news` VALUES (66, '套牌车撞人逃逸后套用警车号牌 肇事司机48天后落网', '\n    6月23日晚，广东中山发生一起恶性交通肇事逃逸案件。一名司机驾驶套牌面包车撞伤一对祖孙后，将伤者抛弃在高速公路上，随后更换警车号牌继续驾驶。经过48天的追查，警方最终将肇事司机罗×东抓获。\n\n    ### 1. **案件经过**\n    - **肇事逃逸**：6月23日晚，罗×东驾驶粤M109×1号牌面包车在中山小榄工业大道撞倒骑自行车的蒋某及其孙女。罗×东将昏迷的小女孩送往医院后，将蒋某拉上车并抛弃在广珠高速公路上。\n    - **毁灭证据**：为掩盖罪行，罗×东将肇事车辆开至广州一家修车店更换零部件，并丢弃原车牌，套用警用号牌粤OM1××8，继续在小榄泰丰市场经营水果生意。\n\n    ### 2. **警方调查**\n    - **现场线索**：警方在现场仅找到一块银色塑料保险杠碎片，目击者提供的车牌号粤M109×1成为关键线索。\n    - **伤者确认**：24日凌晨，警方在广珠西线高速公路发现被遗弃的蒋某，经家属确认其为事故伤者。\n    - **套牌车追踪**：警方通过调查发现，粤M109×1号牌已被原车主王某过户，肇事车辆为套牌车。结合时间和地点分析，警方锁定肇事车辆可能在小榄工业区附近活动。\n\n    ### 3. **嫌疑人落网**\n    - **车辆查获**：7月11日，泰丰派出所民警发现一辆粤OM1××8号牌面包车形迹可疑，经询问，司机罗×东承认套用警用车牌以节省路桥费。\n    - **证据确凿**：警方在车内发现新更换的部件及6月23日晚的收费站付费单据，确认该车为肇事车辆。罗×东对肇事逃逸事实供认不讳。\n\n    ### 4. **案件处理**\n    罗×东因涉嫌交通肇事逃逸和套牌违法行为，已被警方刑事拘留。案件正在进一步审理中。\n\n    ### 5. **社会警示**\n    该案件暴露了套牌车和肇事逃逸行为的严重危害。警方提醒广大驾驶员，遵守交通法规，切勿心存侥幸，否则将面临法律的严惩。\n\n    总之，这起案件不仅展现了警方的高效侦破能力，也为社会敲响了警钟，呼吁公众共同维护交通安全与秩序。\n    ', '2025-01-16 15:07:58.840101', NULL, '社会', '中山交通', 5302);
INSERT INTO `news` VALUES (67, '恩平闹市轿车失控撞伤7名路人 3人重伤送医', '\n    昨天中午，广东恩平市恩城闹市区发生一起严重交通事故。一辆白色小车在恩新东路失控撞向行人，导致7人受伤，其中3人伤势较重，已被送往医院救治。\n\n    ### 1. **事故经过**\n    - **事发地点**：事故发生在恩平市恩新东路与新平路交界处的红绿灯下，正值中午下班高峰期，街上行人众多。\n    - **车辆失控**：据目击者称，一辆车牌号为粤J465×的白色小车突然失控，拐弯后冲向正在等红绿灯的人群，撞倒多辆自行车和摩托车。\n    - **撞击过程**：小车连续撞倒七八辆自行车和摩托车，最后因一辆摩托车刺破其前轮轮胎才停下。目击者描述，有一辆摩托车上的两人被撞飞五六米高，重重摔在垃圾桶旁，现场血迹斑斑。\n\n    ### 2. **伤者情况**\n    - **重伤者**：3名重伤者被送往恩平市人民医院外三科救治，其中两人为恩平市大田镇岑那洋村的岑姓兄弟，弟弟头部多处破裂，内脏受伤，情况危急。\n    - **其他伤者**：其余4名伤者不同程度受伤，正在接受治疗。\n\n    ### 3. **事故原因**\n    目击者推测，事故原因可能是司机误将油门当作刹车，导致车辆失控。具体原因仍在进一步调查中。\n\n    ### 4. **现场情况**\n    - **车辆损毁**：肇事小车车头右侧严重凹陷，轮胎被刺破。\n    - **血迹与痕迹**：现场留下一大摊血迹和伤者的鞋子，车轮擦痕清晰可见。\n\n    ### 5. **社会关注**\n    该事故引发社会广泛关注，市民呼吁加强交通安全管理，特别是在人流密集的闹市区，应加强对驾驶员的安全教育和交通设施的完善。\n\n    总之，这起交通事故再次敲响了交通安全的警钟，提醒驾驶员谨慎驾驶，避免类似悲剧的发生。\n    ', '2025-01-16 15:08:51.416249', NULL, '社会', '恩平交通事故', 9697);
INSERT INTO `news` VALUES (68, '2名少女医院门口摆摊遭4名保安殴打 引发众怒', '\n    昨晚8时许，广州广利路新时代医院门前发生一起令人震惊的事件。两名少女因在医院门口摆摊，遭到四名医院保安的殴打，引发上百名围观群众的强烈愤慨。\n\n    ### 1. **事件经过**\n    - **冲突起因**：两名少女在新时代医院门前摆摊时，两名身上带有浓重酒气的保安要求她们收摊离开。随后，保安踢翻货摊并离开。\n    - **殴打过程**：当两名少女追至医院大堂理论时，四名保安对她们进行了暴力殴打。据受害者小黄描述，她被踢倒在地，头部和腹部遭到多次踢打，甚至被用皮鞋踩头。目击群众证实了这一细节。\n\n    ### 2. **围观群众反应**\n    - **群众愤怒**：上百名围观群众对保安的野蛮行为表示强烈不满。一位阿婆当场指责保安：“医院是救死扶伤的地方，怎么能这样打人？”其他街坊也纷纷谴责保安的行为。\n    - **警方介入**：警察赶到现场后，将打人保安带走，现场气氛逐渐缓和。\n\n    ### 3. **院方回应**\n    - **确认身份**：新时代医院后勤总监孙女士证实，打人者确为医院保安，但事发时他们并未当班。\n    - **处理措施**：孙女士表示，医院将严肃处理涉事保安，并愿意陪同伤者前往医院检查治疗，承担医疗费用。伤者家属对院方的态度表示认可。\n\n    ### 4. **伤者情况**\n    两名少女被送往市十二院接受检查，初步诊断为背部软组织挫伤。目前，伤者正在接受进一步治疗。\n\n    ### 5. **社会反思**\n    该事件引发社会广泛关注，市民呼吁加强对保安队伍的管理，杜绝类似暴力事件的发生。同时，也提醒相关部门对小贩摆摊问题进行合理疏导，避免矛盾激化。\n\n    总之，这起事件不仅暴露了保安管理的漏洞，也反映了城市管理中存在的深层次问题，值得社会各界深思。\n    ', '2025-01-16 15:10:59.812172', NULL, '社会', '保安殴打少女事件', 2708);
INSERT INTO `news` VALUES (69, '清洁工讨薪被家乐福保安扭断手臂(图)', '\n    昨日下午，四川渠县农民工陈玉华躺在重医附二医院创伤科病床上，等待右臂装钢板。陈说，7月30日，他和工友到渝中区解放碑家乐福，向承包清洁的上海年富清洁公司询问被拖欠的工资，不想被家乐福4名保安扭断右臂。目前，朝天门派出所已介入调查，家乐福愿承担所有医药费，打人保安已被调职。\n\n    ### 1. **事件背景**\n    - **被拖欠工资**：陈玉华等20名清洁工自6月初起为上海年富清洁公司工作，原定每月25日发放工资800元，但工资被一再拖欠。\n    - **讨薪行动**：7月30日，陈玉华与近20名工友前往解放碑家乐福，等待公司负责人答复。\n\n    ### 2. **事件经过**\n    - **保安暴力行为**：在等待答复期间，4名家乐福保安突然上前，未作任何解释便分别擒住陈玉华的左右臂，导致其无法挣脱。\n    - **伤势严重**：30分钟后，家乐福主管赶到现场，保安才松手。此时，陈玉华的右臂已被扭伤，经医院诊断为右手臂粉碎性骨折。\n\n    ### 3. **伤者情况**\n    - **伤情描述**：陈玉华的右手臂被缝长达23厘米的伤口，需安装钢板治疗。\n    - **家庭背景**：陈玉华与妻子今年年初从四川渠县来重庆打工，家庭经济状况困难。\n\n    ### 4. **各方回应**\n    - **家乐福回应**：家乐福棉花街店公关部宴主管表示，保安是擅自出手导致陈玉华受伤，家乐福愿承担所有医药费，伤人保安已被调离岗位。\n    - **清洁公司回应**：上海年富清洁公司黄科长表示，将尽快处理陈玉华的工资问题。\n    - **警方介入**：朝天门派出所已介入调查，渝中区劳动局也已介入处理此事。\n\n    ### 5. **社会关注**\n    该事件引发社会广泛关注，公众呼吁加强对农民工权益的保护，严惩暴力行为，并督促企业及时支付工资，避免类似事件再次发生。\n\n    总之，这起事件再次暴露了农民工讨薪难的问题，提醒社会各界关注劳动者权益，维护社会公平正义。\n    ', '2025-01-16 15:15:50.793947', NULL, '社会', '清洁工讨薪事件', 3768);
INSERT INTO `news` VALUES (70, '高露洁新品专效抗敏牙膏 解决牙齿过敏', '\n    高露洁-棕榄有限公司副总裁兼中国区总经理沈敏亮(Juan Pablo Zamorano)表示：“高露洁一直以来致力于改善全球消费者的口腔健康与生活质量，高露洁®专效抗敏牙膏为舒缓牙齿敏感酸痛及预防牙齿敏感问题提供了创新的科技和产品。其Pro-Argin™配方经临床验证，能够持续有效帮助舒缓牙齿敏感酸痛，让消费者尽情享受生活。”\n\n    ### 1. **产品背景**\n    - **市场需求**：根据中华口腔医学会预防委员会抽样调查结果显示，20至70岁的中国成年人中有接近30%的人患有牙齿敏感问题。\n    - **消费者痛点**：许多消费者因牙齿敏感问题影响饮食和生活质量，但未及时进行口腔检查和护理，增加了龋齿、牙龈炎等口腔疾病的风险。\n\n    ### 2. **产品创新**\n    - **Pro-Argin™技术**：高露洁®专效抗敏牙膏采用全新突破性Pro-Argin™配方，经临床验证能迅速且持久舒缓牙齿敏感酸痛。\n    - **技术优势**：与市面上多数抗敏感牙膏不同，Pro-Argin™技术通过精氨酸和碳酸钙填补牙齿表面的细微管道，阻隔外界刺激直达神经，从而有效缓解敏感。\n\n    ### 3. **市场推广**\n    - **上市情况**：高露洁®专效抗敏牙膏已在中国各大城市的主要零售商场上市。\n    - **宣传活动**：通过电视广告、报纸、杂志、网络媒体以及医院口腔门诊和牙医诊所的宣传教育活动，向消费者普及牙齿敏感知识和Pro-Argin™技术。\n    - **派样活动**：开展大型派样品活动，消费者可免费体验产品，感受快速舒缓牙齿敏感的效果。\n\n    ### 4. **专家观点**\n    - **中华口腔医学会栾会长**：牙本质敏感症是一种普遍的口腔健康问题，过去多基于经验治疗，缺乏预防措施。Pro-Argin™技术以科学研究和循证医学为基础，为消费者提供了即时且持续的抗敏效果。\n    - **产品前景**：高露洁抗敏口腔专业用脱敏膏和高露洁®专效抗敏牙膏分别在医疗器械和日常护理领域具有广阔的应用前景。\n\n    ### 5. **社会意义**\n    高露洁®专效抗敏牙膏的问世，不仅为牙齿敏感患者提供了创新的解决方案，也推动了口腔健康领域的科技进步。通过持续的市场推广和消费者教育，高露洁希望帮助更多消费者远离牙齿敏感的困扰，提升生活质量。\n\n    总之，高露洁®专效抗敏牙膏凭借其创新的Pro-Argin™技术，为消费者带来了全新的口腔护理体验，展现了高露洁在口腔健康领域的科技领先地位。\n    ', '2025-01-16 15:16:44.766038', NULL, '时尚', '高露洁', 1514);
INSERT INTO `news` VALUES (71, '猎•艳 HR赫莲娜08秋妆别样性感(组图)', '\n    2008年秋季，HR赫莲娜呈献“猎•艳”。此款妆容特别通过眼妆，展现了HR赫莲娜女人张扬独立个性却又不失优雅妩媚的别样性感。\n\n    ### 1. **品牌背景**\n    - **历史传承**：自50年前推出全球首款自动可换芯睫毛膏以来，HR赫莲娜始终关注女性的“目光”，致力于通过眼妆展现女性的优雅与妩媚。\n    - **妆容理念**：2008秋季妆容“猎•艳”以眼部神采为核心，打造神秘深邃而奢华感性的眼眸，成为女性最引人瞩目的表情。\n\n    ### 2. **妆容亮点**\n    - **眼妆重点**：妆容特别强调眼部的深邃与神秘感，通过浓黑眼线与睫毛的完美结合，营造出强烈的视觉冲击。\n    - **LASH QUEEN FELINE BLACK猎豹睫毛膏**：这款睫毛膏以其特黑配方，满足女性对睫毛柔软卷翘、丝丝纤长、乌黑浓密的需求，完美诠释了奢华眼妆。\n    - **眼影搭配**：优雅的暗粉色或稳重的深褐色眼影，搭配少量黑色，进一步增强了眼部的立体感和性感魅力。\n\n    ### 3. **代言人演绎**\n    - **黛米-摩尔**：HR赫莲娜形象代言人黛米-摩尔以其超凡的魅力，完美演绎了“猎•艳”妆容，展现了HR赫莲娜女性精彩睿智的个性和艳光四射的美。\n\n    ### 4. **妆容意义**\n    “猎•艳”妆容不仅是HR赫莲娜对女性魅力的全新诠释，更是品牌对独立、优雅、性感女性形象的致敬。通过这款妆容，HR赫莲娜希望每一位女性都能找到属于自己的独特风格，展现自信与魅力。\n\n    总之，HR赫莲娜2008秋季妆容“猎•艳”以其独特的眼妆设计和奢华感性的风格，再次引领了时尚潮流，成为女性展现自我魅力的最佳选择。\n    ', '2025-01-16 15:17:34.499359', NULL, '时尚', 'HR赫莲娜', 7688);
INSERT INTO `news` VALUES (72, '萧蔷丝袜美腿 曼妙曲线 美女宝刀未老(组图)', '\n    导语：娱乐圈更新换代可算是相当快的。当年的大美女眼看风光不在，都纷纷嫁作他人妇。连李嘉欣、刘嘉玲这样的钉子户都已出手，可昔日的宝岛第一美女却依然高唱“单身情歌”，身材也保养得很好，只是面庞已不复圆润光泽，略微凹陷的脸颊泄露了她的年龄。\n\n    ### 1. **萧蔷的现状**\n    - **单身状态**：尽管娱乐圈中许多女星已步入婚姻，萧蔷依然保持单身，展现了独立自信的生活态度。\n    - **身材保养**：萧蔷的身材保养得非常好，尤其是她的一双玉腿，依然曼妙动人，丝毫不输年轻女性。\n\n    ### 2. **丝袜美腿抢镜**\n    - **S形曲线**：萧蔷每每出境，都会大摆S形曲线，展现其魔鬼身材，令人称道。\n    - **保养秘诀**：尽管岁月流逝，萧蔷通过科学的保养方法，保持了良好的身材状态，尤其是她的美腿，成为众人关注的焦点。\n\n    ### 3. **年龄与魅力**\n    - **面庞变化**：虽然萧蔷的面庞已不复年轻时的圆润光泽，略微凹陷的脸颊透露出岁月的痕迹，但她的气质和魅力依然不减。\n    - **宝刀未老**：萧蔷用行动证明，年龄并不是魅力的限制，她依然以自信的姿态活跃在公众视野中。\n\n    ### 4. **相关视频**\n    - **萧蔷畅谈林志玲**：在相关视频中，萧蔷谈及与林志玲的比较，表示两人没有可比性，展现了她的豁达与自信。\n    - **揭秘林志玲走红真相**：另一段视频中，萧蔷揭秘了林志玲走红的背后故事，引发了广泛关注。\n\n    总之，萧蔷以其曼妙的身材和自信的态度，展现了“宝刀未老”的魅力。她不仅是娱乐圈的常青树，更是许多女性心中的榜样。\n    ', '2025-01-16 15:18:06.610617', NULL, '时尚', '娱乐新闻', 4441);
INSERT INTO `news` VALUES (73, '评论：快时尚和慢时尚都是被经济影响(图)', '\n    不论是经济高速发展，抑或是经济开始衰退，“时尚”和“潮流”似乎不受其丝毫影响，依然蓬勃发展。渐渐地，时尚被分化为快时尚(fast fashion)和慢时尚(slow fashion)两个方向向前发展。在平价、新潮、款式更新奇快的快时尚方兴未艾之时，经典、尊贵、生命周期长的慢时尚已然兴起，全球展开了新一轮时尚巅峰之战。\n\n    ### 1. **快时尚与慢时尚的兴起**\n    - **快时尚的崛起**：以Zara、H&M、Topshop为代表的快时尚品牌，凭借“快、狠、准”的特点迅速占领市场，成为消费者追逐的对象。\n    - **慢时尚的回归**：慢时尚以经典、持久、独特为特色，逐渐在欧美国家兴起，并在中国香港、上海等地受到白领阶层的青睐。\n\n    ### 2. **快时尚的特点**\n    - **快速更新**：快时尚品牌以极快的速度推出新品，橱窗陈列每周更换两次，满足消费者对新鲜感的需求。\n    - **激烈竞争**：品牌间竞争激烈，消费者购买频率高，形成了“追高”“求快”的消费模式。\n    - **潮流追随**：设计师精准预测潮流趋势，消费者快速决策购买，快时尚成为速食时代的象征。\n\n    ### 3. **慢时尚的魅力**\n    - **独特与经典**：慢时尚服饰每款都是独一无二的，超越季节和时间的限制，成为永恒的流行。\n    - **环保与信任**：采用天然材质，生产过程透明，顺应环保趋势，赢得消费者的信任。\n    - **高品质与怀旧**：慢时尚注重高品质和复古风格，迎合消费者对经典和自然的追求。\n\n    ### 4. **经济对时尚的影响**\n    - **快时尚的经济背景**：经济高速发展和泡沫般的繁荣推动了快时尚的兴起，消费者追求短期效用和潮流。\n    - **慢时尚的经济背景**：全球经济衰退和通货膨胀促使消费者回归慢时尚，注重商品的长期价值和节俭生活。\n\n    ### 5. **消费者观念的转变**\n    - **从追潮流到重价值**：随着消费理念的成熟，消费者从追求转瞬即逝的潮流转向注重商品的长期价值。\n    - **慢时尚的意义**：慢时尚不仅是对快时尚的回应，更是一种对高品质生活和环保理念的倡导。\n\n    总之，快时尚和慢时尚的兴起与发展，反映了经济环境对消费行为的影响。无论是追求速度与潮流，还是注重经典与品质，时尚的本质始终与经济的发展密不可分。\n    ', '2025-01-16 15:18:34.758679', NULL, '时尚', '时尚观察', 5745);
INSERT INTO `news` VALUES (74, '经济不景气 衣服款式回归简单和舒服', '\n    9月12日，纽约时装周刚结束，Calvin Klein、Tommy Hilfiger、Ralph Lauren等大牌们刚走完纽约的T台，两天之后的伦敦，Topshop、Paul Smith以及即将上台的Vivienne Westwood又陆续登场。时装记者们都纷纷注意到，今年由于经济不好，各大品牌开始走casual elegance路线，休闲而优雅，换言之，即使是高级的面料，也尽量少一些繁复的细节、装饰，简单地呈现，当美国的银行在申请破产、股市大跌的经济低迷时期，改变也是为钱包着想。\n\n    ### 1. **经济对时装的影响**\n    - **经济低迷的背景**：全球经济不景气，股市大跌，银行破产，消费者购买力下降，直接影响了时尚行业的设计方向。\n    - **设计风格的转变**：各大品牌开始摒弃繁复的装饰，回归简单、舒适的设计风格，以迎合消费者在经济低迷时期的实际需求。\n\n    ### 2. **纽约时装周的亮点**\n    - **Donna Karan与Vera Wang**：两位设计师尝试将女装设计得更性感，但依然保持简约风格。\n    - **Ralph Lauren**：减少了浮夸元素，但依然保持了品牌的经典魅力。\n    - **Calvin Klein**：设计主脑Francisco Costa带来了纯白造型和更具艺术感的形象。\n    - **Marc Jacobs**：以20世纪复古风格为灵感，运用色块和条纹展现创意。\n\n    ### 3. **伦敦时装周的创新**\n    - **Paul Smith**：从伦敦泰特现代艺术馆的东方主义艺术展中汲取灵感，推出了土耳其浴室系列创作。\n    - **凯特·摩斯的影响**：名模凯特·摩斯为杂志拍摄的土耳其浴室大片，进一步推动了这一风格的流行。\n\n    ### 4. **时尚趋势的解读**\n    - **简单与舒适的回归**：经济不景气使得设计师们更注重服装的实用性和舒适性，宽松但不失优雅的设计成为主流。\n    - **休闲优雅的主题**：明年春夏的时尚主题将是休闲而优雅，这一趋势从今年的时装周中已初见端倪。\n\n    ### 5. **消费者与时尚的关系**\n    - **消费观念的变化**：在经济压力下，消费者更倾向于选择简单、实用且耐穿的服装，而非过于繁复或昂贵的款式。\n    - **时尚与生活的融合**：设计师们通过简约的设计风格，将时尚与日常生活紧密结合，满足消费者对舒适与美感的需求。\n\n    总之，经济不景气促使时尚行业回归本质，简单、舒适的设计风格成为主流。无论是纽约还是伦敦，设计师们都在用简约而不失优雅的作品，回应消费者在经济低迷时期的实际需求。\n    ', '2025-01-16 15:19:46.338260', NULL, '时尚', '时尚观察', 6787);
INSERT INTO `news` VALUES (75, '美国马来西亚海军在南中国海集结举行联合军演', '\n    环球时报特约记者唐湘报道 据马来西亚吉隆坡安全评论网站7月1日报道，“卡拉”马来西亚演习阶段已经在6月23日展开，美方调动了1600名官兵、2艘神盾舰、P3C反潜巡逻机及F/A-18大黄蜂战机参演。\n\n    ### 1. **演习规模与参演力量**\n    - **美军力量**：美国海军派出了2艘神盾舰“霞飞”号 (DDG 90) 和“钟云”号 (DDG 93)，以及P3C反潜巡逻机和F/A-18大黄蜂战机，参演官兵达1600人。\n    - **马方力量**：马来西亚海军派出了“乐吉尔”号导弹护卫舰(舷号26)、“高手”号导弹攻击快艇(舷号3511)及“斯里印德拉沙迪”号多功能支援及指挥舰(舷号1503)。\n\n    ### 2. **演习内容**\n    - **海上编队操演**：马美两国海军舰队于6月28日集结于南中国海，展开系列海上编队操演，包括舰炮射击、水下作战、潜水与援救及后勤支援管理。\n    - **地面作战演习**：美国海军陆战队与马来西亚陆军皇家游骑兵团第8及第9营军人，展开了森林野战与登陆演习。\n\n    ### 3. **演习意义**\n    - **区域安全合作**：此次联合军演旨在加强美国与马来西亚在南海地区的军事合作，提升双方协同作战能力。\n    - **实战化演练**：通过高强度的海上和地面作战演练，检验并提升参演部队的实战能力。\n\n    ### 4. **未来展望**\n    随着南海地区局势的复杂化，此类联合军演将成为区域安全合作的重要形式。美国与马来西亚的军事合作有望进一步深化，为维护南海地区的和平与稳定发挥积极作用。\n\n    高清大图：美国马来西亚海军在南中国海举行联合军演\n    ', '2025-01-16 15:30:49.681258', NULL, '时政', '环球时报', 7496);
INSERT INTO `news` VALUES (76, '美国借口境外黑客威胁打造强大网络部队(图)', '\n    环球时报驻外记者联合报道 在美国媒体的报道中，“中国黑客”向来是无所不能，往往能轻而易举地突破白宫和五角大楼网络的防护系统“窃取”机密情报。在美国国防部长盖茨于6月23日宣布建立网络战司令部之后，外界似乎立刻明白了美国频频炒作“中国黑客威胁”的真实意图。其实在这些表象之下，美国还有着更多不为人知的计划，渲染“中国黑客”威胁只不过是美国强化网络战力系列图谋中的一环。网络战司令部的成立也并非是美国将军力触角伸向网络的开始，早在互联网在全球普及之前，美国就开始着手打造“网军”、实践“网络战”。专家表示，正如美军在陆、海、空、天都想获得独步天下的“行动自由”一样，在互联网领域美国也会拒绝任何约束限制，确保其“先天优势”。\n\n    ### 1. **“中国黑客”成美国惯用借口**\n    - **媒体炒作**：美国媒体频繁报道“中国黑客”入侵白宫、五角大楼、联邦调查局等关键部门，甚至声称中国黑客能够瘫痪美国电网或窃取F-35战机等绝密情报。\n    - **政客呼应**：美国政客和官员也借机渲染“中国黑客威胁”，为政策行为造势。例如，美国国防部发言人惠特曼和国防部长盖茨均公开表示对网络攻击的担忧。\n\n    ### 2. **抢占网络战制高点**\n    - **历史背景**：美国早在1991年海湾战争中就运用网络战技术，通过植入病毒瘫痪伊拉克防空系统。1993年，美国学者首次提出“网络战”概念，推动了网络攻击力量的发展。\n    - **网络战部队规模**：目前，美军共有3000至5000名信息战专家，5至7万名士兵涉足网络战。美国还计划招募2000至4000名士兵组建“网络特种部队”。\n\n    ### 3. **网络战司令部的建立**\n    - **整合资源**：网络战司令部的成立旨在整合美国各部门的网络攻击力量，形成更强的作战能力。英国《卫报》分析称，此举是为了在必要时对敌对国家发动网络战争。\n    - **战略意义**：网络战司令部的建立标志着网络战可能成为一种新的国家战争方式，美国将投入更多资金和人员以保持其在该领域的绝对优势。\n\n    ### 4. **拒绝网络军控**\n    - **确保行动自由**：美国拒绝接受任何网络军控约束，以确保其在网络空间的“先天优势”。美国防部长盖茨明确表示，网络战司令部的建立将帮助美国“确保在网络空间的行动自由”。\n    - **反对国际公约**：美国对俄罗斯提出的网络军控提议持坚决反对态度，认为国际公约无法有效维护网络安全。\n\n    ### 5. **未来展望**\n    美国通过渲染“中国黑客威胁”和强化网络攻击能力，试图将军事优势延伸至网络空间。作为互联网的诞生地，美国在网络领域具有明显的“先天优势”，未来将继续拒绝网络军控，以确保其“行动自由”。\n\n    相关阅读：\n    - 美军工企业招募黑客助政府打赢网络安全战\n    - 美军火商用模拟国防部网站设陷阱引诱黑客攻击\n    - 美军借口中国黑客威胁强化网络进攻能力(图)\n    - 美国称将增强网络攻击能力防范中俄黑客入侵\n    - 美国诬称中国黑客入侵获取F-35战机资料(图)\n    - 中国对美国所谓中国黑客说强烈不满多次反驳\n    ', '2025-01-16 15:31:30.427178', NULL, '时政', '环球时报', 3379);
INSERT INTO `news` VALUES (77, '日媒称日本准备构筑第三级导弹防御系统(图)', '\n    新华网东京7月5日电 据日本《每日新闻》5日报道，日本防卫省准备在目前二级导弹防御系统的基础上，构筑拦截范围更大的第三级导弹防御系统。\n\n    ### 1. **新系统概述**\n    - **系统名称**：日本计划引入的新系统名为“战区高空区域防御系统”（THAAD）。\n    - **定位与作用**：该系统被定位为对现有“标准－3”(SM－3)和“爱国者－3”(PAC－3)拦截导弹的补充，作为“第三级拦截导弹”。\n    - **政策背景**：日本防卫省有意将这一计划反映到将于年底出台的新《防卫计划大纲》中。\n\n    ### 2. **现有导弹防御系统**\n    - **两级拦截系统**：\n        - **第一级拦截**：由海上自卫队的海基“标准－3”导弹在100公里以上高空的大气层外进行拦截。\n        - **第二级拦截**：如果第一级拦截失败，由航空自卫队的陆基“爱国者－3”导弹在15至20公里的高空进行二次拦截。\n    - **局限性**：\n        - “爱国者－3”射程仅20公里，防御半径有限，需提前获取敌方发射情报并移动到拦截地点。\n        - 尽管日本计划在首都地区、中部地区和近畿地区等11处部署“爱国者－3”系统，但仍难以覆盖日本全境。\n\n    ### 3. **新系统的优势**\n    - **防御范围**：新系统的防御范围是“爱国者－3”的10倍，部署3至4处即可基本覆盖日本全境。\n    - **应对能力**：新系统可有效应对“标准－3”导弹无法拦截的低轨弹道导弹。\n    - **成本效益**：与部署11处“爱国者－3”系统所需的5000亿日元相比，新系统能以更少的预算实现更广泛的覆盖。\n\n    ### 4. **未来展望**\n    日本防卫省通过引入“战区高空区域防御系统”，旨在进一步提升其导弹防御能力，弥补现有系统的不足。这一举措不仅增强了日本的全境防御能力，还可能对地区安全格局产生深远影响。\n    ', '2025-01-16 15:32:04.619636', NULL, '时政', '新华网', 6673);
INSERT INTO `news` VALUES (78, '媒体称俄军在俄格战争中击落三架己方战机', '\n    中国日报网环球在线消息：据英国媒体7月9日报道，俄罗斯军事杂志刊登的最新一份调查报告显示，2008年俄格战争期间俄罗斯损失的战机中有一半是被自己的防空系统击落的，俄军方对此予以坚决否认。\n\n    ### 1. **调查报告内容**\n    - **发布机构**：报告由莫斯科战略技术分析中心（Centre for Analysis of Strategy and Technology）撰写，发表在《莫斯科防务简讯》（Moscow Defence Brief）上。\n    - **损失情况**：报告指出，俄军在战争中损失了6架战机，而非此前官方声称的4架。其中3架战机被己方防空系统误击。\n    - **详细记录**：报告列出了每架战机被击落的具体时间、地点以及飞行员姓名。\n\n    ### 2. **对俄军表现的批评**\n    - **协同问题**：报告批评俄军在战争中空军与陆军缺乏协同，各自为战，尽管战争仅持续5天便结束。\n    - **效率低下**：报告认为，俄军在战争中的表现未能达到预期水平。\n\n    ### 3. **俄军方回应**\n    - **否认指控**：俄罗斯军方高级官员否认报告内容，称其信息不准确。副总参谋长安纳托利·诺戈维岑表示，俄方已就战争损失做了全面通告，无需补充信息。\n    - **反驳误击说法**：诺戈维岑强调，“俄罗斯战机被自己的防空系统击落”的说法与事实完全不符。\n\n    ### 4. **相关阅读**\n    - 英国观察员称格鲁吉亚首先开火引发俄格战争\n    - 俄军战备程度高攻打格鲁吉亚反应速度很快(图)\n    - 俄罗斯格鲁吉亚交换战俘 包括2名俄军飞行员\n    ', '2025-01-16 15:33:01.944432', NULL, '时政', '中国日报网', 2531);
INSERT INTO `news` VALUES (79, '俄罗斯海军成功发射RSM-54海基弹道导弹', '\n    中新网7月14日电 据俄新网报道，俄罗斯国防部消息人士透露，俄罗斯海军13日发射了标准的RSM-54“青斑”（编者注：一般称“轻舟”）海基弹道导弹。\n\n    ### 1. **发射详情**\n    - **发射载体**：发射是从北方舰队667BDRM型（北约名为“德尔塔”4级）战略核潜艇进行的，这是该导弹的标准载体。\n    - **发射地区**：消息人士未透露具体的导弹发射地区。\n\n    ### 2. **官方表态**\n    - **总统声明**：俄罗斯总统梅德韦杰夫在索契会见海军军人时宣布，此次弹道导弹发射成功。\n    - **发射结果**：梅德韦杰夫表示，发射目的已达成，导弹碎片落入指定地点，但未具体说明是哪种导弹。\n\n    ### 3. **导弹背景**\n    - **RSM-54“轻舟”**：RSM-54（北约代号SS-N-23“轻舟”）是俄罗斯海军现役的一种海基弹道导弹，具有较远的射程和较高的精确度，主要用于战略核威慑。\n\n    ### 4. **战略意义**\n    - **展示实力**：此次成功发射展示了俄罗斯海军的战略核打击能力，进一步巩固了其在国际军事格局中的地位。\n    - **技术验证**：发射成功也验证了俄罗斯海基弹道导弹系统的可靠性和先进性。\n    ', '2025-01-16 15:33:31.467263', NULL, '时政', '中新网', 4119);
INSERT INTO `news` VALUES (80, '调查：哪个星座最容易出改变世界的人物(图)', '\n    政治家运用影响力来赢得选举，商人运用影响力来兜售商品，推销员运用影响力诱惑你乖乖地把金钱捧上。无处不在的影响力被不同的人用在我们的生活中，左右着我们的思想行为，那些具有着巨大影响力的人正改变着我们的世界。\n\n    ### 1. **水瓶座：创新与变革的先锋**\n    - **特点**：水瓶座以其创新思维和前瞻性著称，常常走在社会变革的前沿。\n    - **贡献**：他们通过开发新科技或倡导环保理念来改变世界，具有强烈的社会责任感。\n\n    ### 2. **狮子座：天生的领导者**\n    - **特点**：狮子座以其强大的领导力和魅力闻名，善于激励他人并带领团队实现目标。\n    - **贡献**：在政治、商业和艺术领域，狮子座凭借自信和决断力成为改变世界的关键人物。\n\n    ### 3. **摩羯座：务实与坚韧的象征**\n    - **特点**：摩羯座以其务实、坚韧和强大的执行力著称。\n    - **贡献**：通过长期努力和规划，摩羯座在政治、商业和科研领域取得卓越成就。\n\n    ### 4. **双子座：沟通与智慧的化身**\n    - **特点**：双子座以其出色的沟通能力和灵活的思维闻名。\n    - **贡献**：他们通过语言和智慧解决问题，在传播思想和推动社会变革中发挥重要作用。\n\n    ### 5. **天蝎座：战略与变革的推动者**\n    - **特点**：天蝎座以其深刻的洞察力和战略思维著称。\n    - **贡献**：他们善于发现问题的本质，并通过精准的行动推动变革。\n\n    ### 总结\n    不同星座在改变世界的方式上各具特色：水瓶座通过创新和变革，狮子座通过领导力和影响力，摩羯座通过务实和坚韧，双子座通过沟通和智慧，天蝎座通过战略和洞察力。这些星座的特质使其在各自领域中成为改变世界的重要力量。\n\n    我们第27期调查的获奖名单已经出炉，请获奖网友登陆igame游戏总动园领取50个金币！如果您不希望参加抽奖也可不填用户名直接投票　有奖调查活动细则　获奖网友须知　注册通行证\n    ', '2025-01-16 15:35:03.720811', NULL, '星座', '调查', 8098);
INSERT INTO `news` VALUES (81, '处女座特别征稿：另类解析理性处女座', '\n    新浪网友：魁星点斗处女座特别征稿\n\n    ### 1. **处女座的性格特点**\n    - **自私与狭隘**：处女座的人常被认为自私、狭隘，甚至有些阴险。他们需要私人空间，容易对朋友冷漠。\n    - **情感复杂**：尽管害怕寂寞，但处女座的人在寂寞来临时会选择逃避。他们身边的朋友往往无法真正理解他们的内心。\n\n    ### 2. **处女座的爱情观**\n    - **深情与执着**：处女座的人在爱情中付出很多，但一旦受伤，可能需要两三年才能淡忘过去的感情。\n    - **报复心理**：如果被欺骗，处女座的人会不择手段地报复，然后毫不留情地离开。\n\n    ### 3. **处女座的友情观**\n    - **难以深交**：处女座的人对朋友要求极高，容易吹毛求疵，甚至故意用恶毒的语言伤害他人。\n    - **孤独与空间**：与处女座的人成为朋友非常困难，他们需要孤独和空间来平衡自己的情绪。\n\n    ### 4. **对处女座的误解**\n    - **“花心”标签**：有人认为处女座的人花心，但实际上他们在爱情中受伤最深。他们只是害怕孤单，需要倾诉对象。\n    - **真实本性**：处女座的人在找到值得深交的人时，会主动出击，但如果不合适，他们会默默离开。\n\n    ### 5. **总结**\n    处女座的人性格复杂，既有自私、狭隘的一面，也有深情、执着的一面。他们需要孤独和空间来平衡自己的情绪，与他们的友情和爱情都需要极大的耐心和理解。\n\n    好消息：即日起，凡投稿被选登的作者，可以获得新浪限量12星座扇子珍藏版一套，共12把，每天1名，欢迎大家踊跃投稿。为了方便快递礼品，请在正文结尾处留下真实的邮寄地址、邮编和电话。\n    ', '2025-01-16 15:35:29.549261', NULL, '星座', '新浪网友', 4433);
INSERT INTO `news` VALUES (82, '处女座特别征稿：处女座的纯粹爱情观', '\n    新浪网友：葡萄朗姆酒 处女座特别征稿\n\n    ### 1. **处女座的爱情本质**\n    - **追求感觉**：处女座的人一生都在寻找“感觉”，因为感觉是他们精神世界的核心。他们追求纯粹的爱情，拒绝不喜欢的人进入他们的精神领域。\n    - **感性敏锐**：由于水星和太阳角的影响，处女座的人比其他人更加感性和敏锐，他们创造了自己的逻辑思维和精神世界。\n\n    ### 2. **处女座的爱情态度**\n    - **谨小慎微**：处女座的人对爱情非常谨慎，他们只会把最爱的人藏在心里，追求完美。\n    - **一见钟情**：处女座的人常常一见钟情，但他们需要真正的感觉才会接受一个人。\n\n    ### 3. **处女座的爱情表现**\n    - **冷漠与热情**：如果处女座不喜欢你，他们会用冷漠回应你的任何表示。但如果他们爱上你，他们会心甘情愿地奉献一切。\n    - **唠叨与龟毛**：处女座对完美的追求使他们显得唠叨和挑剔，但这源于他们对纯粹感情的渴望。\n\n    ### 4. **处女座的孤独与自虐**\n    - **内心孤独**：尽管外表呼朋引伴，处女座的内心是孤独的。他们希望找到能打开他们精神世界的人。\n    - **自虐倾向**：处女座的人会享受带有自虐意味的孤独崇拜，即使现实中的爱情并不完美。\n\n    ### 5. **总结**\n    处女座的爱情观是纯粹而复杂的。他们追求感觉和完美，对爱情谨慎而挑剔。他们的内心孤独，渴望找到精神伴侣，但也会因为对完美的追求而显得唠叨和龟毛。\n\n    好消息：即日起，凡投稿被选登的作者，可以获得新浪限量12星座扇子珍藏版一套，共12把，每天1名，欢迎大家踊跃投稿。为了方便快递礼品，请在正文结尾处留下真实的邮寄地址、邮编和电话。\n    ', '2025-01-16 15:36:02.627152', NULL, '星座', '新浪网友', 3608);
INSERT INTO `news` VALUES (83, '处女座特别征稿：处女男只让我做情人', '\n    新浪网友：七若 处女座特别征稿\n\n    ### 1. **初识与心动**\n    - **初次见面**：在大学社团中认识了一位清秀、笑容干净的处女座男生，初次接触后逐渐对他产生了好感。\n    - **情感萌芽**：尽管他比我小，但我逐渐迷恋上了他，喜欢他的笑容、声音和小动作。\n\n    ### 2. **表白与拒绝**\n    - **勇敢表白**：我向他表白，但他告诉我他已经有喜欢的人了，并表示有些事情无法强求。\n    - **默默守护**：我选择不干扰他的感情生活，继续与他保持联系，但内心的情感却越来越深。\n\n    ### 3. **暧昧与坚持**\n    - **暧昧关系**：尽管他有女朋友，但他依旧与我保持暧昧，关心我、约我出去玩，让我无法放弃对他的感情。\n    - **两年坚持**：大一大二两年间，我一直坚持着对他的感情，尽管知道我们不可能在一起。\n\n    ### 4. **情人的角色**\n    - **成为情人**：大三时，他邀请我参加交谊舞课程，并在一次对话中提出让我做他的情人。我答应了。\n    - **关系转变**：成为情人后，我发现他与我心目中的完美形象有所不同，但我依然爱他，愿意为他付出一切。\n\n    ### 5. **结束与遗憾**\n    - **关系结束**：最终，他选择结束这段关系，我虽然心痛但没有纠缠。毕业后再次相遇，彼此都已陌生。\n    - **内心伤痕**：这段感情让我意识到自己的坚持太傻，但后悔已无济于事。\n\n    ### 6. **总结**\n    这段与处女座男生的感情经历让我深刻体会到爱情的复杂与无奈。尽管最终未能走到一起，但我依然珍惜那段时光。\n\n    好消息：即日起，凡投稿被选登的作者，可以获得新浪限量12星座扇子珍藏版一套，共12把，每天1名，欢迎大家踊跃投稿。为了方便快递礼品，请在正文结尾处留下真实的邮寄地址、邮编和电话。\n    ', '2025-01-16 15:37:08.388492', NULL, '星座', '新浪网友', 5329);
INSERT INTO `news` VALUES (84, '处女座特别征稿：处女让双子难以忘怀', '\n    新浪网友：八厘米蔚蓝 处女座特别征稿\n\n    ### 1. **初识与相爱**\n    - **一见钟情**：在大学图书馆里，我（双子座）与他（处女座）一见钟情，成为彼此的初恋。\n    - **美好回忆**：他的温柔和细心让我深深着迷，尽管星座上被认为不般配，但我们依然相爱。\n\n    ### 2. **分开的原因**\n    - **家庭阻力**：他提出分手，理由是父母的反对。虽然我无法考证，但这段感情因此戛然而止。\n    - **残酷告别**：他在短信中说：“我们永远都不要再见面了。”这句话让我难以释怀。\n\n    ### 3. **双子座的倔强**\n    - **假装不在乎**：双子的个性让我在他面前装作满不在乎，即使内心早已崩溃。\n    - **未说出口的遗憾**：我从未告诉他，他的吻是我的初吻，他送的提拉米苏让我感动不已。\n\n    ### 4. **处女座的决绝**\n    - **转身即永远**：处女座的他离开得很坚决，即使我内心痛苦，也没有挽留。\n    - **诺言与背叛**：他曾承诺不会放手，但最终他的温柔和诺言都给了另一个人。\n\n    ### 5. **难以忘怀的伤痛**\n    - **心灰意冷**：他的离开让我失去了追求的动力，考试失利，生活变得灰暗。\n    - **自我封闭**：我失去了再爱的勇气，心门紧闭，但仍对未来保持一丝憧憬。\n\n    ### 6. **总结**\n    这段与处女座的感情让我深刻体会到爱情的甜蜜与痛苦。尽管最终未能走到一起，但他的身影和那段回忆依然深深刻在我的心里。\n\n    好消息：即日起，凡投稿被选登的作者，可以获得新浪限量12星座扇子珍藏版一套，共12把，每天1名，欢迎大家踊跃投稿。为了方便快递礼品，请在正文结尾处留下真实的邮寄地址、邮编和电话。\n    ', '2025-01-16 15:38:43.228385', NULL, '星座', '新浪网友', 8192);
INSERT INTO `news` VALUES (85, '分析：手机网游还要等多久？(图)', '\n　　在许多业内人士看来，手机游戏产业一直处于含苞待放的时期，拥有广大的潜在用户群、消费意愿广是这个产业的优势。同时，过高的手机上网流量费使得手机上网人群太少，单机游戏盗版严重，网游开发运营成本过高，也成为了阻碍其发展的瓶颈。\n\n　　单机游戏盗版严重 利益分配不合理\n　　许多开发公司都认为，单机游戏应该是最适合手机娱乐模式的。但是盗版问题不解决，如今这样惨淡的现状就无法得到彻底的改善。同时，开发商与运营商的利益分配不合理、开发商收益过少，也抑制了手机游戏的发展。\n\n　　北京随手互动总经理张黎利这样说道：“盗版，毁掉了中国影视业，毁掉了PC单机游戏业，也毁掉了手机单机游戏业。我做手机游戏，是因为我喜欢玩儿游戏，其实我最想做的是视频游戏，但是因为盗版在中国根本不可能做。所以我只能做网游，因为这个可以防盗版。虽然作为一个游戏爱好者，我这么多年来是一个盗版游戏的受益者，但是当我真正从事这个行业的时候，盗版其实毁了很多游戏人的梦想，我只好去接受现实。”\n\n　　张黎利也希望，随着国家的法制越来越健全，运营商也可以跟主管部门适当地加强一点对于这个行业的监督与管理。他说：“我们争取把手机游戏做成一个创意行业。我一直希望有人在做，我非常希望盗版的问题在中国能解决，不能全体解决，能不能在某一个细分领域尝试一下，这是我们这个行业一直在倡导的事。”\n\n　　“手机网游是非常难做的，因为它的门槛太高了。”张黎利叹气道，“由于手机终端的屏幕不同、操作系统多样，要求所开发的手机网游产品适配到各种机型。终端标准不统一为手机游戏的研发和运营制造了很大困难，成本也是非常大”。\n\n　　此外记者还了解到，自2007年以后，终端型号多的问题尤其明显。再加上色彩、操作性等不足，导致用户体验差。许多手机没有游戏的支持功能，许多手机游戏支持机型受限，不同机型的用户进行同一款手机网游所感受到的游戏效果是完全不同的，而这些也就成为了手机网游发展的重要瓶颈。\n\n　　流量费过高 上网人数少\n　　截至目前，我国手机的使用量已突破5.5亿。虽然国内手机用户数量众多，但真正使用手机上网并进行娱乐行为的仍只占少数。与PC网游相比，手机网游高额的流量费也在一定程度上将部分用户隔在了手机游戏的大门之外。\n\n　　对此，张黎利说道：“这个行业之所以发展不起来，一个很重要的因素就是流量费太高。3G对所有无线行业都是一个重大利好，中国 移动2009年1月把流量费下调了2/3。这个主要是潜在的竞争带来运营商心态的不断变化，不断地降低流量费。但是对手机来讲，还有很多的制约因素，开发商的因素就是很大的制约因素。但对游戏而言，最终追求的还是游戏的体验。运营商把资费下调，将带来用户飞速增长。”\n\n　　“再有一个就是支付渠道。盛大公司把网游的支付系统都做起来，大家都会受益。但是在移动领域是不好做的。这些都是很大的制约因素，3G牌照的发放对我们手机网游是很大的利好，但是还有很多的制约因素，手机网游今年不会爆发。”张黎利这样说道。\n\n　　市场前景很好 发展任务艰巨\n　　由此看来，手机网游产业只有充分整合产业链各个环节的资源，才能建立产品开发、收费、推广及运营管理的全套功能服务。中国是世界上最大的手机消费国，5.5亿的手机用户也为手机游戏产业的发展带来了广阔的受众基础。\n\n　　手机游戏最大的优势就在于它能够随时随地进行游戏，不受时间和空间的限制。张黎利告诉记者：“3G时代的临近，手机上网的进一步普及，资费的进一步下调，尝试使用手机进行娱乐互动的人们也会逐渐增加。同时，随着中国的移动支付系统成熟，盈利模式也逐渐清晰，我们有理由相信手机今后会在人们的互联网娱乐生活中占据更加重要的位置。不过这种状况不会很快就呈现在人们面前。在准备迎接手机网游阳光之前要先经历寒冷的冬天，机型适配问题以及手机硬件的限制仍然存在。”\n\n　　同时他还表示，“手机网游业务的爆发一定会到来，从2005年开始就有人说是一个临界点，我看到很多公司‘死掉’了，很多项目被‘砍掉’。一个行业真正发展是要踏踏实实做事，尤其在PC网游本身发展比较好的时候，大家没有必要太冒险。都说手机网游的春天要来了，而且每年都说，我觉得这个是自己安慰自己的说法。但是本人是非常乐观的，我相信手机网游一定会到来”。\n\n　　商报记者 武杉/文 王晓莹/图\n    ', '2025-01-16 15:40:25.599940', NULL, '游戏', '商报记者', 6960);
INSERT INTO `news` VALUES (86, 'GPRS资费上调 手机网游行业蒙阴影', '\n　　2007年8月起，中国移动和中国联通纷纷大幅调低了GPRS上网业务的资费，推出了5元包100M、20元包300M等上网套餐，相比以前最高降幅达75%。GPRS业务资费下调，直接刺激手机WAP上网用户热情，推动无线产业链早一步成熟。然而这种好消息只是昙花一现，2008年1月3日，中国移动广东公司又调高了GPRS套餐资费：包100M由5元上涨到15元，相当于上涨了3倍价格；包300M由20元上涨到40元，上涨2倍；500M流量则由50元上调至80元。此外，100元包月1000M流量的套餐未进行调整，同时增加了200元包月2000M流量的套餐。\n\n　　银联信分析：\n　　一、我国手机网游行业前景美好\n　　与PC网游相比，不受时间和地点的约束是手机网游最大的优势，操作简便也为手机网游赢得更多潜在用户。2004年，中国手机网游诞生，经过近3年的市场培育，用户由2006年初的200余万户迅速发展到2007年年中的800余万户。\n\n　　2007年中国手机网游市场运营收入达1.10亿元人民币，增长率为343.8%，预计2008年这一数字将达3.80亿元人民币，2011年中国手机游戏市场规模将达到37亿元。从2007年到2011年的手机游戏市场规模年均复合增长率为48%。其中移动运营商收入从2003年到2011年年均复合增长率将达143%，SP收入从2003年到2011年年均复合增长率将达145%。代表手机游戏未来发展方向的手机网游，有着美好的前景。\n\n　　二、高成本导致手机网游行业发展缓慢\n　　手机网游的运营模式一直都是困扰产业发展的瓶颈，也导致手机网游长期徘徊于市场培养的初期阶段。过去三年中，由于门槛高、投入大、风险高，导致很多企业无力投入长期精力开发，造成国内手机网游市场发展迟缓，截至2007年年中，上市的网游产品仅有80余款。从目前我国情况看，突破手机网游开发高成本主要面临三大瓶颈。\n\n　　瓶颈一：在手机硬件方面。目前，我国70%的手机网游厂家都“死”在产品开发上。由于手机终端的屏幕不同、操作系统多样，要求所开发的手机网游产品适配到各种机型，大大地拉长了开发周期。非常多的厂家往往连一个像样的产品都没有开发出来，钱就耗光了。就是诺基亚手机，不同型号的手机其技术平台也可能不一样，由此导致手机网游开发非常困难。\n\n　　瓶颈二：开发周期长。目前，手机网游开发周期长达12-18个月，高额的开发成本投入是长期以来制约手机网络游戏发展的重要因素。开发一款手机网络游戏，需要10人以上团队，1年以上的开发以及后继运营，这样一款游戏的成本达数十万元，甚至上百万元。而且手机网游产业缺乏人才。我国游戏产业正面临市场增长迅速，人才极度匮乏的尴尬局面，专业人才缺乏已成为手机网络游戏发展的瓶颈。\n\n　　瓶颈三：高自费限制用户数量。手机网游的高成本需要在运营中通过用户规模实现成本摊销。有数据显示，一款手机网游能不断地产生效益，必须要求至少10万用户在线，而现在的手机网游基本都是几千用户在线。而且，如果一款游戏能够达到10万用户在线，意味着注册用户达到了50万。而自2004年中国手机网游诞生以来，截至到2007年年中平均每款游戏可以有10万用户，离50万注册用户的要求还有不小差距。资费过高直接抑制用户需求。\n\n　　三、信贷风险提示\n　　从目前市场情况看，我国手机网络用户对价格的敏感度很高，从2007年8月，中国移动和中国联通纷纷大幅调低了GPRS上网业务的资费市场反应看，直接刺激手机WAP上网用户热情，推动无线产业链早一步成熟。而近期中国移动广东公司再次调高GPRS套餐资费，导致用户极大不满，打击用户使用GPRS手机上网的热情，特别是给手机网游行业带来不小的冲击，使原本发展迟缓的中国网游行业蒙受阴影。\n\n　　但是，从行业未来发展趋势看，随着3G的不断推出，用户需求、资费、网速及手机终端日趋成熟，手机网游将在短期内取代手机单机游戏。3G网络商用后，手机网游将成为手机游戏增长点，而手机上网资费终究会不断下降。\n\n　　因此，我们认为，能有效提高游戏产品质量、改变手机网游单一的商业模式的网游企业才能在激烈的竞争中脱颖而出。\n\n　　[本文由北京联合信息网中国信贷风险信息库提供，未经北京银联信信息咨询中心书面许可，请勿转载。]\n    ', '2025-01-16 15:42:21.076458', NULL, '游戏', '北京联合信息网', 5983);
INSERT INTO `news` VALUES (87, '游戏发烧友座驾：Xbox360概念汽车', '\n　　一位游戏玩家Patrick Wyrick协助铃木汽车打造了一辆Xbox 360概念汽车。这款汽车基于铃木SX4，既保证了性能，又具有Xbox 360娱乐功能。\n\n　　看照片有一个360手把在方向盘中央，另一个则在排档杆前方，另外从图片的说明知道，这辆车有两台XBOX 360、两台投影机，及两个屏幕，其中一台360就装在中控台上。\n\n　　这台车的音频视频部分包括多声道的音响，Xbox手柄与汽车仪表盘完美结合。可回收材质制作的引擎盖充当了屏幕。\n\n　　后座中间另外还有一台Xbox 360,与前排座位上方固定的两个显示屏连接，既可上网，又可娱乐。就连车后的货箱里都藏着一个30英寸的可回收材质屏幕，当大家觉得“独乐乐不如众乐乐”的时候，可以转移阵地到车后就地“开战”。\n\n　　更具现实感的是，座位还带有力反馈系统和四个无线控制器，其中一个控制器就在方向盘上！还是要提醒大家开车时就要专心开车，千万不能分心或者把游戏和现实世界混淆。\n    ', '2025-01-16 15:44:59.332038', NULL, '游戏', '游戏玩家', 9374);
INSERT INTO `news` VALUES (88, '不上网就玩不爽 电视游戏中的网游经典', '\n　　“网络游戏，又叫在线游戏（Online game），一般指多名玩家通过计算机网络互动娱乐的游戏。”这是维基百科对“网游”做出的定义。\n\n　　虽然多是以PC平台为主，但网游从来就不是PC的专利，家用机的网游之路，甚至可以追溯到FC时代——当然，当时只有局域网联网游戏的概念，并没有像样的游戏作品。\n\n　　与PC上的网络游戏一样，家用机联网游戏也经过了从局域网到互联网的发展过程，从当时的简单互联，到现在的PSN、XBOXLIVE，家用机的网络游戏发展也是相当之快。随着技术的发展，到了今天，几乎所有的家用机游戏都加入了网络要素，下载更新、网络对战、上传积分排行等内容已经成了各大游戏的标配，甚至有些游戏直接就在网上通过付费下载的游戏方式来出售，而在三大主机的网络平台上，更是有着许许多多的在线小游戏让众玩家一起分享，可以说，家用机的网络时代已经到来。\n\n　　三大主机网络平台的用户遍布全球几十个国家，用户数均早已突破千万，光是网络平台就可以为三大厂商每年带来十几亿美元的收入。但是很无奈，这些东西离国内的玩家还是有些远，在国内，上PSN与Xbox Live的玩家非常之少，而长期在上面玩大型游戏的更是寥寥无几。\n\n　　虽然大多数家用机游戏依然还是以单机的游戏方式为主，但在几代主机的发展中，也出现了很多“不上网就玩不爽”“不上网就不能玩”的经典作品，下面就为大家介绍几款家用机上的经典“网游”，有条件的玩家，可以试一试。\n\n　　《梦幻之星》（Phantasy Star）是SEGA公司经典的游戏系列，最初登场于1987年，后经MD、SS等平台，整个系列逐渐成熟起来，与光明系列（Shining Series）并称为SEGA RPG大系中的两棵常青树。\n\n　　游戏以广阔的宇宙空间为背景，剧情宏大壮阔，时间跨度达几百万年，受到玩家极度欢迎。正统作品只有4作，但其衍生的外传分支作品游戏等相当之多，而到了DC时代，系列开始逐渐向网络游戏转型。\n\n　　DC是史上第一个自带Modem的主机，让人们对DC游戏的进行方式产生了无限遐想。2000年12月，《梦幻之星在线》（PSO）发售，为了适应联网游戏，游戏转变为ARPG，在职业、道具、武器、战斗方面都做了大幅调整，线上游戏的流畅度更是惊人，即使从日本国外用33k的小猫连到日本进行游戏也不会有太明显的延迟。\n    ', '2025-01-16 15:47:19.974934', NULL, '游戏', '维基百科', 1637);
INSERT INTO `news` VALUES (89, '索尼关闭其美国唯一PS系游戏机专营店', '\n　　苹果在扩张自己的连锁店，微软正在筹建自己的零售店，而索尼则关闭了自己在美国唯一的PlayStation专业零售店。\n\n　　就在索尼宣布自己的PSP销量突破5000万台之后的第二天，索尼由于降低成本的需要，要关闭自己在旧金山Metreon购物中心的，全美唯一一家的PlayStation专业零售店，同时位于Metreon购物中心的Sony Style生活馆也将关闭（Sony Style生活馆在全美有很多）。这家PlayStation专业零售店也是索尼在美国的游戏旗舰店，开张于1999年，占地三十五万平方英尺，每次新主机发布，这里都是最热闹的场所，是首发地。而在平时也总会有最新的游戏在大屏幕和游戏吧中演示。\n\n　　这家专业零售店的作用不仅仅在于销售，更多的是一种企业展示，一种维系消费者的纽带。无论如何，这是一件可惜的事情。\n    ', '2025-01-16 15:48:21.941253', NULL, '游戏', '索尼', 4259);

-- ----------------------------
-- Table structure for qrtz_blob_triggers
-- ----------------------------
DROP TABLE IF EXISTS `qrtz_blob_triggers`;
CREATE TABLE `qrtz_blob_triggers`  (
  `sched_name` varchar(120) CHARACTER SET utf8 COLLATE utf8_bin NOT NULL COMMENT '调度名称',
  `trigger_name` varchar(200) CHARACTER SET utf8 COLLATE utf8_bin NOT NULL COMMENT 'qrtz_triggers表trigger_name的外键',
  `trigger_group` varchar(200) CHARACTER SET utf8 COLLATE utf8_bin NOT NULL COMMENT 'qrtz_triggers表trigger_group的外键',
  `blob_data` blob NULL COMMENT '存放持久化Trigger对象',
  PRIMARY KEY (`sched_name`, `trigger_name`, `trigger_group`) USING BTREE,
  CONSTRAINT `qrtz_blob_triggers_ibfk_1` FOREIGN KEY (`sched_name`, `trigger_name`, `trigger_group`) REFERENCES `qrtz_triggers` (`sched_name`, `trigger_name`, `trigger_group`) ON DELETE RESTRICT ON UPDATE RESTRICT
) ENGINE = InnoDB CHARACTER SET = utf8 COLLATE = utf8_bin COMMENT = 'Blob类型的触发器表' ROW_FORMAT = Dynamic;

-- ----------------------------
-- Records of qrtz_blob_triggers
-- ----------------------------

-- ----------------------------
-- Table structure for qrtz_calendars
-- ----------------------------
DROP TABLE IF EXISTS `qrtz_calendars`;
CREATE TABLE `qrtz_calendars`  (
  `sched_name` varchar(120) CHARACTER SET utf8 COLLATE utf8_bin NOT NULL COMMENT '调度名称',
  `calendar_name` varchar(200) CHARACTER SET utf8 COLLATE utf8_bin NOT NULL COMMENT '日历名称',
  `calendar` blob NOT NULL COMMENT '存放持久化calendar对象',
  PRIMARY KEY (`sched_name`, `calendar_name`) USING BTREE
) ENGINE = InnoDB CHARACTER SET = utf8 COLLATE = utf8_bin COMMENT = '日历信息表' ROW_FORMAT = Dynamic;

-- ----------------------------
-- Records of qrtz_calendars
-- ----------------------------

-- ----------------------------
-- Table structure for qrtz_cron_triggers
-- ----------------------------
DROP TABLE IF EXISTS `qrtz_cron_triggers`;
CREATE TABLE `qrtz_cron_triggers`  (
  `sched_name` varchar(120) CHARACTER SET utf8 COLLATE utf8_bin NOT NULL COMMENT '调度名称',
  `trigger_name` varchar(200) CHARACTER SET utf8 COLLATE utf8_bin NOT NULL COMMENT 'qrtz_triggers表trigger_name的外键',
  `trigger_group` varchar(200) CHARACTER SET utf8 COLLATE utf8_bin NOT NULL COMMENT 'qrtz_triggers表trigger_group的外键',
  `cron_expression` varchar(200) CHARACTER SET utf8 COLLATE utf8_bin NOT NULL COMMENT 'cron表达式',
  `time_zone_id` varchar(80) CHARACTER SET utf8 COLLATE utf8_bin NULL DEFAULT NULL COMMENT '时区',
  PRIMARY KEY (`sched_name`, `trigger_name`, `trigger_group`) USING BTREE,
  CONSTRAINT `qrtz_cron_triggers_ibfk_1` FOREIGN KEY (`sched_name`, `trigger_name`, `trigger_group`) REFERENCES `qrtz_triggers` (`sched_name`, `trigger_name`, `trigger_group`) ON DELETE RESTRICT ON UPDATE RESTRICT
) ENGINE = InnoDB CHARACTER SET = utf8 COLLATE = utf8_bin COMMENT = 'Cron类型的触发器表' ROW_FORMAT = Dynamic;

-- ----------------------------
-- Records of qrtz_cron_triggers
-- ----------------------------

-- ----------------------------
-- Table structure for qrtz_fired_triggers
-- ----------------------------
DROP TABLE IF EXISTS `qrtz_fired_triggers`;
CREATE TABLE `qrtz_fired_triggers`  (
  `sched_name` varchar(120) CHARACTER SET utf8 COLLATE utf8_bin NOT NULL COMMENT '调度名称',
  `entry_id` varchar(95) CHARACTER SET utf8 COLLATE utf8_bin NOT NULL COMMENT '调度器实例id',
  `trigger_name` varchar(200) CHARACTER SET utf8 COLLATE utf8_bin NOT NULL COMMENT 'qrtz_triggers表trigger_name的外键',
  `trigger_group` varchar(200) CHARACTER SET utf8 COLLATE utf8_bin NOT NULL COMMENT 'qrtz_triggers表trigger_group的外键',
  `instance_name` varchar(200) CHARACTER SET utf8 COLLATE utf8_bin NOT NULL COMMENT '调度器实例名',
  `fired_time` bigint(0) NOT NULL COMMENT '触发的时间',
  `sched_time` bigint(0) NOT NULL COMMENT '定时器制定的时间',
  `priority` int(0) NOT NULL COMMENT '优先级',
  `state` varchar(16) CHARACTER SET utf8 COLLATE utf8_bin NOT NULL COMMENT '状态',
  `job_name` varchar(200) CHARACTER SET utf8 COLLATE utf8_bin NULL DEFAULT NULL COMMENT '任务名称',
  `job_group` varchar(200) CHARACTER SET utf8 COLLATE utf8_bin NULL DEFAULT NULL COMMENT '任务组名',
  `is_nonconcurrent` varchar(1) CHARACTER SET utf8 COLLATE utf8_bin NULL DEFAULT NULL COMMENT '是否并发',
  `requests_recovery` varchar(1) CHARACTER SET utf8 COLLATE utf8_bin NULL DEFAULT NULL COMMENT '是否接受恢复执行',
  PRIMARY KEY (`sched_name`, `entry_id`) USING BTREE
) ENGINE = InnoDB CHARACTER SET = utf8 COLLATE = utf8_bin COMMENT = '已触发的触发器表' ROW_FORMAT = Dynamic;

-- ----------------------------
-- Records of qrtz_fired_triggers
-- ----------------------------

-- ----------------------------
-- Table structure for qrtz_job_details
-- ----------------------------
DROP TABLE IF EXISTS `qrtz_job_details`;
CREATE TABLE `qrtz_job_details`  (
  `sched_name` varchar(120) CHARACTER SET utf8 COLLATE utf8_bin NOT NULL COMMENT '调度名称',
  `job_name` varchar(200) CHARACTER SET utf8 COLLATE utf8_bin NOT NULL COMMENT '任务名称',
  `job_group` varchar(200) CHARACTER SET utf8 COLLATE utf8_bin NOT NULL COMMENT '任务组名',
  `description` varchar(250) CHARACTER SET utf8 COLLATE utf8_bin NULL DEFAULT NULL COMMENT '相关介绍',
  `job_class_name` varchar(250) CHARACTER SET utf8 COLLATE utf8_bin NOT NULL COMMENT '执行任务类名称',
  `is_durable` varchar(1) CHARACTER SET utf8 COLLATE utf8_bin NOT NULL COMMENT '是否持久化',
  `is_nonconcurrent` varchar(1) CHARACTER SET utf8 COLLATE utf8_bin NOT NULL COMMENT '是否并发',
  `is_update_data` varchar(1) CHARACTER SET utf8 COLLATE utf8_bin NOT NULL COMMENT '是否更新数据',
  `requests_recovery` varchar(1) CHARACTER SET utf8 COLLATE utf8_bin NOT NULL COMMENT '是否接受恢复执行',
  `job_data` blob NULL COMMENT '存放持久化job对象',
  PRIMARY KEY (`sched_name`, `job_name`, `job_group`) USING BTREE
) ENGINE = InnoDB CHARACTER SET = utf8 COLLATE = utf8_bin COMMENT = '任务详细信息表' ROW_FORMAT = Dynamic;

-- ----------------------------
-- Records of qrtz_job_details
-- ----------------------------

-- ----------------------------
-- Table structure for qrtz_locks
-- ----------------------------
DROP TABLE IF EXISTS `qrtz_locks`;
CREATE TABLE `qrtz_locks`  (
  `sched_name` varchar(120) CHARACTER SET utf8 COLLATE utf8_bin NOT NULL COMMENT '调度名称',
  `lock_name` varchar(40) CHARACTER SET utf8 COLLATE utf8_bin NOT NULL COMMENT '悲观锁名称',
  PRIMARY KEY (`sched_name`, `lock_name`) USING BTREE
) ENGINE = InnoDB CHARACTER SET = utf8 COLLATE = utf8_bin COMMENT = '存储的悲观锁信息表' ROW_FORMAT = Dynamic;

-- ----------------------------
-- Records of qrtz_locks
-- ----------------------------

-- ----------------------------
-- Table structure for qrtz_paused_trigger_grps
-- ----------------------------
DROP TABLE IF EXISTS `qrtz_paused_trigger_grps`;
CREATE TABLE `qrtz_paused_trigger_grps`  (
  `sched_name` varchar(120) CHARACTER SET utf8 COLLATE utf8_bin NOT NULL COMMENT '调度名称',
  `trigger_group` varchar(200) CHARACTER SET utf8 COLLATE utf8_bin NOT NULL COMMENT 'qrtz_triggers表trigger_group的外键',
  PRIMARY KEY (`sched_name`, `trigger_group`) USING BTREE
) ENGINE = InnoDB CHARACTER SET = utf8 COLLATE = utf8_bin COMMENT = '暂停的触发器表' ROW_FORMAT = Dynamic;

-- ----------------------------
-- Records of qrtz_paused_trigger_grps
-- ----------------------------

-- ----------------------------
-- Table structure for qrtz_scheduler_state
-- ----------------------------
DROP TABLE IF EXISTS `qrtz_scheduler_state`;
CREATE TABLE `qrtz_scheduler_state`  (
  `sched_name` varchar(120) CHARACTER SET utf8 COLLATE utf8_bin NOT NULL COMMENT '调度名称',
  `instance_name` varchar(200) CHARACTER SET utf8 COLLATE utf8_bin NOT NULL COMMENT '实例名称',
  `last_checkin_time` bigint(0) NOT NULL COMMENT '上次检查时间',
  `checkin_interval` bigint(0) NOT NULL COMMENT '检查间隔时间',
  PRIMARY KEY (`sched_name`, `instance_name`) USING BTREE
) ENGINE = InnoDB CHARACTER SET = utf8 COLLATE = utf8_bin COMMENT = '调度器状态表' ROW_FORMAT = Dynamic;

-- ----------------------------
-- Records of qrtz_scheduler_state
-- ----------------------------

-- ----------------------------
-- Table structure for qrtz_simple_triggers
-- ----------------------------
DROP TABLE IF EXISTS `qrtz_simple_triggers`;
CREATE TABLE `qrtz_simple_triggers`  (
  `sched_name` varchar(120) CHARACTER SET utf8 COLLATE utf8_bin NOT NULL COMMENT '调度名称',
  `trigger_name` varchar(200) CHARACTER SET utf8 COLLATE utf8_bin NOT NULL COMMENT 'qrtz_triggers表trigger_name的外键',
  `trigger_group` varchar(200) CHARACTER SET utf8 COLLATE utf8_bin NOT NULL COMMENT 'qrtz_triggers表trigger_group的外键',
  `repeat_count` bigint(0) NOT NULL COMMENT '重复的次数统计',
  `repeat_interval` bigint(0) NOT NULL COMMENT '重复的间隔时间',
  `times_triggered` bigint(0) NOT NULL COMMENT '已经触发的次数',
  PRIMARY KEY (`sched_name`, `trigger_name`, `trigger_group`) USING BTREE,
  CONSTRAINT `qrtz_simple_triggers_ibfk_1` FOREIGN KEY (`sched_name`, `trigger_name`, `trigger_group`) REFERENCES `qrtz_triggers` (`sched_name`, `trigger_name`, `trigger_group`) ON DELETE RESTRICT ON UPDATE RESTRICT
) ENGINE = InnoDB CHARACTER SET = utf8 COLLATE = utf8_bin COMMENT = '简单触发器的信息表' ROW_FORMAT = Dynamic;

-- ----------------------------
-- Records of qrtz_simple_triggers
-- ----------------------------

-- ----------------------------
-- Table structure for qrtz_simprop_triggers
-- ----------------------------
DROP TABLE IF EXISTS `qrtz_simprop_triggers`;
CREATE TABLE `qrtz_simprop_triggers`  (
  `sched_name` varchar(120) CHARACTER SET utf8 COLLATE utf8_bin NOT NULL COMMENT '调度名称',
  `trigger_name` varchar(200) CHARACTER SET utf8 COLLATE utf8_bin NOT NULL COMMENT 'qrtz_triggers表trigger_name的外键',
  `trigger_group` varchar(200) CHARACTER SET utf8 COLLATE utf8_bin NOT NULL COMMENT 'qrtz_triggers表trigger_group的外键',
  `str_prop_1` varchar(512) CHARACTER SET utf8 COLLATE utf8_bin NULL DEFAULT NULL COMMENT 'String类型的trigger的第一个参数',
  `str_prop_2` varchar(512) CHARACTER SET utf8 COLLATE utf8_bin NULL DEFAULT NULL COMMENT 'String类型的trigger的第二个参数',
  `str_prop_3` varchar(512) CHARACTER SET utf8 COLLATE utf8_bin NULL DEFAULT NULL COMMENT 'String类型的trigger的第三个参数',
  `int_prop_1` int(0) NULL DEFAULT NULL COMMENT 'int类型的trigger的第一个参数',
  `int_prop_2` int(0) NULL DEFAULT NULL COMMENT 'int类型的trigger的第二个参数',
  `long_prop_1` bigint(0) NULL DEFAULT NULL COMMENT 'long类型的trigger的第一个参数',
  `long_prop_2` bigint(0) NULL DEFAULT NULL COMMENT 'long类型的trigger的第二个参数',
  `dec_prop_1` decimal(13, 4) NULL DEFAULT NULL COMMENT 'decimal类型的trigger的第一个参数',
  `dec_prop_2` decimal(13, 4) NULL DEFAULT NULL COMMENT 'decimal类型的trigger的第二个参数',
  `bool_prop_1` varchar(1) CHARACTER SET utf8 COLLATE utf8_bin NULL DEFAULT NULL COMMENT 'Boolean类型的trigger的第一个参数',
  `bool_prop_2` varchar(1) CHARACTER SET utf8 COLLATE utf8_bin NULL DEFAULT NULL COMMENT 'Boolean类型的trigger的第二个参数',
  PRIMARY KEY (`sched_name`, `trigger_name`, `trigger_group`) USING BTREE,
  CONSTRAINT `qrtz_simprop_triggers_ibfk_1` FOREIGN KEY (`sched_name`, `trigger_name`, `trigger_group`) REFERENCES `qrtz_triggers` (`sched_name`, `trigger_name`, `trigger_group`) ON DELETE RESTRICT ON UPDATE RESTRICT
) ENGINE = InnoDB CHARACTER SET = utf8 COLLATE = utf8_bin COMMENT = '同步机制的行锁表' ROW_FORMAT = Dynamic;

-- ----------------------------
-- Records of qrtz_simprop_triggers
-- ----------------------------

-- ----------------------------
-- Table structure for qrtz_triggers
-- ----------------------------
DROP TABLE IF EXISTS `qrtz_triggers`;
CREATE TABLE `qrtz_triggers`  (
  `sched_name` varchar(120) CHARACTER SET utf8 COLLATE utf8_bin NOT NULL COMMENT '调度名称',
  `trigger_name` varchar(200) CHARACTER SET utf8 COLLATE utf8_bin NOT NULL COMMENT '触发器的名字',
  `trigger_group` varchar(200) CHARACTER SET utf8 COLLATE utf8_bin NOT NULL COMMENT '触发器所属组的名字',
  `job_name` varchar(200) CHARACTER SET utf8 COLLATE utf8_bin NOT NULL COMMENT 'qrtz_job_details表job_name的外键',
  `job_group` varchar(200) CHARACTER SET utf8 COLLATE utf8_bin NOT NULL COMMENT 'qrtz_job_details表job_group的外键',
  `description` varchar(250) CHARACTER SET utf8 COLLATE utf8_bin NULL DEFAULT NULL COMMENT '相关介绍',
  `next_fire_time` bigint(0) NULL DEFAULT NULL COMMENT '上一次触发时间（毫秒）',
  `prev_fire_time` bigint(0) NULL DEFAULT NULL COMMENT '下一次触发时间（默认为-1表示不触发）',
  `priority` int(0) NULL DEFAULT NULL COMMENT '优先级',
  `trigger_state` varchar(16) CHARACTER SET utf8 COLLATE utf8_bin NOT NULL COMMENT '触发器状态',
  `trigger_type` varchar(8) CHARACTER SET utf8 COLLATE utf8_bin NOT NULL COMMENT '触发器的类型',
  `start_time` bigint(0) NOT NULL COMMENT '开始时间',
  `end_time` bigint(0) NULL DEFAULT NULL COMMENT '结束时间',
  `calendar_name` varchar(200) CHARACTER SET utf8 COLLATE utf8_bin NULL DEFAULT NULL COMMENT '日程表名称',
  `misfire_instr` smallint(0) NULL DEFAULT NULL COMMENT '补偿执行的策略',
  `job_data` blob NULL COMMENT '存放持久化job对象',
  PRIMARY KEY (`sched_name`, `trigger_name`, `trigger_group`) USING BTREE,
  INDEX `sched_name`(`sched_name`, `job_name`, `job_group`) USING BTREE,
  CONSTRAINT `qrtz_triggers_ibfk_1` FOREIGN KEY (`sched_name`, `job_name`, `job_group`) REFERENCES `qrtz_job_details` (`sched_name`, `job_name`, `job_group`) ON DELETE RESTRICT ON UPDATE RESTRICT
) ENGINE = InnoDB CHARACTER SET = utf8 COLLATE = utf8_bin COMMENT = '触发器详细信息表' ROW_FORMAT = Dynamic;

-- ----------------------------
-- Records of qrtz_triggers
-- ----------------------------

-- ----------------------------
-- Table structure for sys_config
-- ----------------------------
DROP TABLE IF EXISTS `sys_config`;
CREATE TABLE `sys_config`  (
  `config_id` int(0) NOT NULL AUTO_INCREMENT COMMENT '参数主键',
  `config_name` varchar(100) CHARACTER SET utf8 COLLATE utf8_bin NULL DEFAULT '' COMMENT '参数名称',
  `config_key` varchar(100) CHARACTER SET utf8 COLLATE utf8_bin NULL DEFAULT '' COMMENT '参数键名',
  `config_value` varchar(500) CHARACTER SET utf8 COLLATE utf8_bin NULL DEFAULT '' COMMENT '参数键值',
  `config_type` char(1) CHARACTER SET utf8 COLLATE utf8_bin NULL DEFAULT 'N' COMMENT '系统内置（Y是 N否）',
  `create_by` varchar(64) CHARACTER SET utf8 COLLATE utf8_bin NULL DEFAULT '' COMMENT '创建者',
  `create_time` datetime(0) NULL DEFAULT NULL COMMENT '创建时间',
  `update_by` varchar(64) CHARACTER SET utf8 COLLATE utf8_bin NULL DEFAULT '' COMMENT '更新者',
  `update_time` datetime(0) NULL DEFAULT NULL COMMENT '更新时间',
  `remark` varchar(500) CHARACTER SET utf8 COLLATE utf8_bin NULL DEFAULT NULL COMMENT '备注',
  PRIMARY KEY (`config_id`) USING BTREE
) ENGINE = InnoDB AUTO_INCREMENT = 6 CHARACTER SET = utf8 COLLATE = utf8_bin COMMENT = '参数配置表' ROW_FORMAT = Dynamic;

-- ----------------------------
-- Records of sys_config
-- ----------------------------
INSERT INTO `sys_config` VALUES (1, '主框架页-默认皮肤样式名称', 'sys.index.skinName', 'skin-blue', 'Y', 'admin', '2025-01-12 15:59:30', '', NULL, '蓝色 skin-blue、绿色 skin-green、紫色 skin-purple、红色 skin-red、黄色 skin-yellow');
INSERT INTO `sys_config` VALUES (2, '用户管理-账号初始密码', 'sys.user.initPassword', '123456', 'Y', 'admin', '2025-01-12 15:59:30', '', NULL, '初始化密码 123456');
INSERT INTO `sys_config` VALUES (3, '主框架页-侧边栏主题', 'sys.index.sideTheme', 'theme-dark', 'Y', 'admin', '2025-01-12 15:59:30', '', NULL, '深色主题theme-dark，浅色主题theme-light');
INSERT INTO `sys_config` VALUES (4, '账号自助-验证码开关', 'sys.account.captchaEnabled', 'true', 'Y', 'admin', '2025-01-12 15:59:30', '', NULL, '是否开启验证码功能（true开启，false关闭）');
INSERT INTO `sys_config` VALUES (5, '账号自助-是否开启用户注册功能', 'sys.account.registerUser', 'true', 'Y', 'admin', '2025-01-12 15:59:30', '', NULL, '是否开启注册用户功能（true开启，false关闭）');
INSERT INTO `sys_config` VALUES (6, '用户登录-黑名单列表', 'sys.login.blackIPList', '', 'Y', 'admin', '2025-01-12 15:59:30', '', NULL, '设置登录IP黑名单限制，多个匹配项以;分隔，支持匹配（*通配、网段）');

-- ----------------------------
-- Table structure for sys_dept
-- ----------------------------
DROP TABLE IF EXISTS `sys_dept`;
CREATE TABLE `sys_dept`  (
  `dept_id` bigint(0) NOT NULL AUTO_INCREMENT COMMENT '部门id',
  `parent_id` bigint(0) NULL DEFAULT 0 COMMENT '父部门id',
  `ancestors` varchar(50) CHARACTER SET utf8 COLLATE utf8_bin NULL DEFAULT '' COMMENT '祖级列表',
  `dept_name` varchar(30) CHARACTER SET utf8 COLLATE utf8_bin NULL DEFAULT '' COMMENT '部门名称',
  `order_num` int(0) NULL DEFAULT 0 COMMENT '显示顺序',
  `leader` varchar(20) CHARACTER SET utf8 COLLATE utf8_bin NULL DEFAULT NULL COMMENT '负责人',
  `phone` varchar(11) CHARACTER SET utf8 COLLATE utf8_bin NULL DEFAULT NULL COMMENT '联系电话',
  `email` varchar(50) CHARACTER SET utf8 COLLATE utf8_bin NULL DEFAULT NULL COMMENT '邮箱',
  `status` char(1) CHARACTER SET utf8 COLLATE utf8_bin NULL DEFAULT '0' COMMENT '部门状态（0正常 1停用）',
  `del_flag` char(1) CHARACTER SET utf8 COLLATE utf8_bin NULL DEFAULT '0' COMMENT '删除标志（0代表存在 2代表删除）',
  `create_by` varchar(64) CHARACTER SET utf8 COLLATE utf8_bin NULL DEFAULT '' COMMENT '创建者',
  `create_time` datetime(0) NULL DEFAULT NULL COMMENT '创建时间',
  `update_by` varchar(64) CHARACTER SET utf8 COLLATE utf8_bin NULL DEFAULT '' COMMENT '更新者',
  `update_time` datetime(0) NULL DEFAULT NULL COMMENT '更新时间',
  PRIMARY KEY (`dept_id`) USING BTREE
) ENGINE = InnoDB AUTO_INCREMENT = 109 CHARACTER SET = utf8 COLLATE = utf8_bin COMMENT = '部门表' ROW_FORMAT = Dynamic;

-- ----------------------------
-- Records of sys_dept
-- ----------------------------
INSERT INTO `sys_dept` VALUES (100, 0, '0', '若依科技', 0, '若依', '15888888888', 'ry@qq.com', '0', '0', 'admin', '2025-01-12 15:59:29', '', NULL);
INSERT INTO `sys_dept` VALUES (101, 100, '0,100', '深圳总公司', 1, '若依', '15888888888', 'ry@qq.com', '0', '0', 'admin', '2025-01-12 15:59:29', '', NULL);
INSERT INTO `sys_dept` VALUES (102, 100, '0,100', '长沙分公司', 2, '若依', '15888888888', 'ry@qq.com', '0', '0', 'admin', '2025-01-12 15:59:29', '', NULL);
INSERT INTO `sys_dept` VALUES (103, 101, '0,100,101', '研发部门', 1, '若依', '15888888888', 'ry@qq.com', '0', '0', 'admin', '2025-01-12 15:59:29', '', NULL);
INSERT INTO `sys_dept` VALUES (104, 101, '0,100,101', '市场部门', 2, '若依', '15888888888', 'ry@qq.com', '0', '0', 'admin', '2025-01-12 15:59:29', '', NULL);
INSERT INTO `sys_dept` VALUES (105, 101, '0,100,101', '测试部门', 3, '若依', '15888888888', 'ry@qq.com', '0', '0', 'admin', '2025-01-12 15:59:29', '', NULL);
INSERT INTO `sys_dept` VALUES (106, 101, '0,100,101', '财务部门', 4, '若依', '15888888888', 'ry@qq.com', '0', '0', 'admin', '2025-01-12 15:59:29', '', NULL);
INSERT INTO `sys_dept` VALUES (107, 101, '0,100,101', '运维部门', 5, '若依', '15888888888', 'ry@qq.com', '0', '0', 'admin', '2025-01-12 15:59:29', '', NULL);
INSERT INTO `sys_dept` VALUES (108, 102, '0,100,102', '市场部门', 1, '若依', '15888888888', 'ry@qq.com', '0', '0', 'admin', '2025-01-12 15:59:29', '', NULL);
INSERT INTO `sys_dept` VALUES (109, 102, '0,100,102', '财务部门', 2, '若依', '15888888888', 'ry@qq.com', '0', '0', 'admin', '2025-01-12 15:59:29', '', NULL);

-- ----------------------------
-- Table structure for sys_dict_data
-- ----------------------------
DROP TABLE IF EXISTS `sys_dict_data`;
CREATE TABLE `sys_dict_data`  (
  `dict_code` bigint(0) NOT NULL AUTO_INCREMENT COMMENT '字典编码',
  `dict_sort` int(0) NULL DEFAULT 0 COMMENT '字典排序',
  `dict_label` varchar(100) CHARACTER SET utf8 COLLATE utf8_bin NULL DEFAULT '' COMMENT '字典标签',
  `dict_value` varchar(100) CHARACTER SET utf8 COLLATE utf8_bin NULL DEFAULT '' COMMENT '字典键值',
  `dict_type` varchar(100) CHARACTER SET utf8 COLLATE utf8_bin NULL DEFAULT '' COMMENT '字典类型',
  `css_class` varchar(100) CHARACTER SET utf8 COLLATE utf8_bin NULL DEFAULT NULL COMMENT '样式属性（其他样式扩展）',
  `list_class` varchar(100) CHARACTER SET utf8 COLLATE utf8_bin NULL DEFAULT NULL COMMENT '表格回显样式',
  `is_default` char(1) CHARACTER SET utf8 COLLATE utf8_bin NULL DEFAULT 'N' COMMENT '是否默认（Y是 N否）',
  `status` char(1) CHARACTER SET utf8 COLLATE utf8_bin NULL DEFAULT '0' COMMENT '状态（0正常 1停用）',
  `create_by` varchar(64) CHARACTER SET utf8 COLLATE utf8_bin NULL DEFAULT '' COMMENT '创建者',
  `create_time` datetime(0) NULL DEFAULT NULL COMMENT '创建时间',
  `update_by` varchar(64) CHARACTER SET utf8 COLLATE utf8_bin NULL DEFAULT '' COMMENT '更新者',
  `update_time` datetime(0) NULL DEFAULT NULL COMMENT '更新时间',
  `remark` varchar(500) CHARACTER SET utf8 COLLATE utf8_bin NULL DEFAULT NULL COMMENT '备注',
  PRIMARY KEY (`dict_code`) USING BTREE
) ENGINE = InnoDB AUTO_INCREMENT = 29 CHARACTER SET = utf8 COLLATE = utf8_bin COMMENT = '字典数据表' ROW_FORMAT = Dynamic;

-- ----------------------------
-- Records of sys_dict_data
-- ----------------------------
INSERT INTO `sys_dict_data` VALUES (1, 1, '男', '0', 'sys_user_sex', '', '', 'Y', '0', 'admin', '2025-01-12 15:59:30', '', NULL, '性别男');
INSERT INTO `sys_dict_data` VALUES (2, 2, '女', '1', 'sys_user_sex', '', '', 'N', '0', 'admin', '2025-01-12 15:59:30', '', NULL, '性别女');
INSERT INTO `sys_dict_data` VALUES (3, 3, '未知', '2', 'sys_user_sex', '', '', 'N', '0', 'admin', '2025-01-12 15:59:30', '', NULL, '性别未知');
INSERT INTO `sys_dict_data` VALUES (4, 1, '显示', '0', 'sys_show_hide', '', 'primary', 'Y', '0', 'admin', '2025-01-12 15:59:30', '', NULL, '显示菜单');
INSERT INTO `sys_dict_data` VALUES (5, 2, '隐藏', '1', 'sys_show_hide', '', 'danger', 'N', '0', 'admin', '2025-01-12 15:59:30', '', NULL, '隐藏菜单');
INSERT INTO `sys_dict_data` VALUES (6, 1, '正常', '0', 'sys_normal_disable', '', 'primary', 'Y', '0', 'admin', '2025-01-12 15:59:30', '', NULL, '正常状态');
INSERT INTO `sys_dict_data` VALUES (7, 2, '停用', '1', 'sys_normal_disable', '', 'danger', 'N', '0', 'admin', '2025-01-12 15:59:30', '', NULL, '停用状态');
INSERT INTO `sys_dict_data` VALUES (8, 1, '正常', '0', 'sys_job_status', '', 'primary', 'Y', '0', 'admin', '2025-01-12 15:59:30', '', NULL, '正常状态');
INSERT INTO `sys_dict_data` VALUES (9, 2, '暂停', '1', 'sys_job_status', '', 'danger', 'N', '0', 'admin', '2025-01-12 15:59:30', '', NULL, '停用状态');
INSERT INTO `sys_dict_data` VALUES (10, 1, '默认', 'DEFAULT', 'sys_job_group', '', '', 'Y', '0', 'admin', '2025-01-12 15:59:30', '', NULL, '默认分组');
INSERT INTO `sys_dict_data` VALUES (11, 2, '系统', 'SYSTEM', 'sys_job_group', '', '', 'N', '0', 'admin', '2025-01-12 15:59:30', '', NULL, '系统分组');
INSERT INTO `sys_dict_data` VALUES (12, 1, '是', 'Y', 'sys_yes_no', '', 'primary', 'Y', '0', 'admin', '2025-01-12 15:59:30', '', NULL, '系统默认是');
INSERT INTO `sys_dict_data` VALUES (13, 2, '否', 'N', 'sys_yes_no', '', 'danger', 'N', '0', 'admin', '2025-01-12 15:59:30', '', NULL, '系统默认否');
INSERT INTO `sys_dict_data` VALUES (14, 1, '通知', '1', 'sys_notice_type', '', 'warning', 'Y', '0', 'admin', '2025-01-12 15:59:30', '', NULL, '通知');
INSERT INTO `sys_dict_data` VALUES (15, 2, '公告', '2', 'sys_notice_type', '', 'success', 'N', '0', 'admin', '2025-01-12 15:59:30', '', NULL, '公告');
INSERT INTO `sys_dict_data` VALUES (16, 1, '正常', '0', 'sys_notice_status', '', 'primary', 'Y', '0', 'admin', '2025-01-12 15:59:30', '', NULL, '正常状态');
INSERT INTO `sys_dict_data` VALUES (17, 2, '关闭', '1', 'sys_notice_status', '', 'danger', 'N', '0', 'admin', '2025-01-12 15:59:30', '', NULL, '关闭状态');
INSERT INTO `sys_dict_data` VALUES (18, 99, '其他', '0', 'sys_oper_type', '', 'info', 'N', '0', 'admin', '2025-01-12 15:59:30', '', NULL, '其他操作');
INSERT INTO `sys_dict_data` VALUES (19, 1, '新增', '1', 'sys_oper_type', '', 'info', 'N', '0', 'admin', '2025-01-12 15:59:30', '', NULL, '新增操作');
INSERT INTO `sys_dict_data` VALUES (20, 2, '修改', '2', 'sys_oper_type', '', 'info', 'N', '0', 'admin', '2025-01-12 15:59:30', '', NULL, '修改操作');
INSERT INTO `sys_dict_data` VALUES (21, 3, '删除', '3', 'sys_oper_type', '', 'danger', 'N', '0', 'admin', '2025-01-12 15:59:30', '', NULL, '删除操作');
INSERT INTO `sys_dict_data` VALUES (22, 4, '授权', '4', 'sys_oper_type', '', 'primary', 'N', '0', 'admin', '2025-01-12 15:59:30', '', NULL, '授权操作');
INSERT INTO `sys_dict_data` VALUES (23, 5, '导出', '5', 'sys_oper_type', '', 'warning', 'N', '0', 'admin', '2025-01-12 15:59:30', '', NULL, '导出操作');
INSERT INTO `sys_dict_data` VALUES (24, 6, '导入', '6', 'sys_oper_type', '', 'warning', 'N', '0', 'admin', '2025-01-12 15:59:30', '', NULL, '导入操作');
INSERT INTO `sys_dict_data` VALUES (25, 7, '强退', '7', 'sys_oper_type', '', 'danger', 'N', '0', 'admin', '2025-01-12 15:59:30', '', NULL, '强退操作');
INSERT INTO `sys_dict_data` VALUES (26, 8, '生成代码', '8', 'sys_oper_type', '', 'warning', 'N', '0', 'admin', '2025-01-12 15:59:30', '', NULL, '生成操作');
INSERT INTO `sys_dict_data` VALUES (27, 9, '清空数据', '9', 'sys_oper_type', '', 'danger', 'N', '0', 'admin', '2025-01-12 15:59:30', '', NULL, '清空操作');
INSERT INTO `sys_dict_data` VALUES (28, 1, '成功', '0', 'sys_common_status', '', 'primary', 'N', '0', 'admin', '2025-01-12 15:59:30', '', NULL, '正常状态');
INSERT INTO `sys_dict_data` VALUES (29, 2, '失败', '1', 'sys_common_status', '', 'danger', 'N', '0', 'admin', '2025-01-12 15:59:30', '', NULL, '停用状态');

-- ----------------------------
-- Table structure for sys_dict_type
-- ----------------------------
DROP TABLE IF EXISTS `sys_dict_type`;
CREATE TABLE `sys_dict_type`  (
  `dict_id` bigint(0) NOT NULL AUTO_INCREMENT COMMENT '字典主键',
  `dict_name` varchar(100) CHARACTER SET utf8 COLLATE utf8_bin NULL DEFAULT '' COMMENT '字典名称',
  `dict_type` varchar(100) CHARACTER SET utf8 COLLATE utf8_bin NULL DEFAULT '' COMMENT '字典类型',
  `status` char(1) CHARACTER SET utf8 COLLATE utf8_bin NULL DEFAULT '0' COMMENT '状态（0正常 1停用）',
  `create_by` varchar(64) CHARACTER SET utf8 COLLATE utf8_bin NULL DEFAULT '' COMMENT '创建者',
  `create_time` datetime(0) NULL DEFAULT NULL COMMENT '创建时间',
  `update_by` varchar(64) CHARACTER SET utf8 COLLATE utf8_bin NULL DEFAULT '' COMMENT '更新者',
  `update_time` datetime(0) NULL DEFAULT NULL COMMENT '更新时间',
  `remark` varchar(500) CHARACTER SET utf8 COLLATE utf8_bin NULL DEFAULT NULL COMMENT '备注',
  PRIMARY KEY (`dict_id`) USING BTREE,
  UNIQUE INDEX `dict_type`(`dict_type`) USING BTREE
) ENGINE = InnoDB AUTO_INCREMENT = 10 CHARACTER SET = utf8 COLLATE = utf8_bin COMMENT = '字典类型表' ROW_FORMAT = Dynamic;

-- ----------------------------
-- Records of sys_dict_type
-- ----------------------------
INSERT INTO `sys_dict_type` VALUES (1, '用户性别', 'sys_user_sex', '0', 'admin', '2025-01-12 15:59:30', '', NULL, '用户性别列表');
INSERT INTO `sys_dict_type` VALUES (2, '菜单状态', 'sys_show_hide', '0', 'admin', '2025-01-12 15:59:30', '', NULL, '菜单状态列表');
INSERT INTO `sys_dict_type` VALUES (3, '系统开关', 'sys_normal_disable', '0', 'admin', '2025-01-12 15:59:30', '', NULL, '系统开关列表');
INSERT INTO `sys_dict_type` VALUES (4, '任务状态', 'sys_job_status', '0', 'admin', '2025-01-12 15:59:30', '', NULL, '任务状态列表');
INSERT INTO `sys_dict_type` VALUES (5, '任务分组', 'sys_job_group', '0', 'admin', '2025-01-12 15:59:30', '', NULL, '任务分组列表');
INSERT INTO `sys_dict_type` VALUES (6, '系统是否', 'sys_yes_no', '0', 'admin', '2025-01-12 15:59:30', '', NULL, '系统是否列表');
INSERT INTO `sys_dict_type` VALUES (7, '通知类型', 'sys_notice_type', '0', 'admin', '2025-01-12 15:59:30', '', NULL, '通知类型列表');
INSERT INTO `sys_dict_type` VALUES (8, '通知状态', 'sys_notice_status', '0', 'admin', '2025-01-12 15:59:30', '', NULL, '通知状态列表');
INSERT INTO `sys_dict_type` VALUES (9, '操作类型', 'sys_oper_type', '0', 'admin', '2025-01-12 15:59:30', '', NULL, '操作类型列表');
INSERT INTO `sys_dict_type` VALUES (10, '系统状态', 'sys_common_status', '0', 'admin', '2025-01-12 15:59:30', '', NULL, '登录状态列表');

-- ----------------------------
-- Table structure for sys_job
-- ----------------------------
DROP TABLE IF EXISTS `sys_job`;
CREATE TABLE `sys_job`  (
  `job_id` bigint(0) NOT NULL AUTO_INCREMENT COMMENT '任务ID',
  `job_name` varchar(64) CHARACTER SET utf8 COLLATE utf8_bin NOT NULL DEFAULT '' COMMENT '任务名称',
  `job_group` varchar(64) CHARACTER SET utf8 COLLATE utf8_bin NOT NULL DEFAULT 'DEFAULT' COMMENT '任务组名',
  `invoke_target` varchar(500) CHARACTER SET utf8 COLLATE utf8_bin NOT NULL COMMENT '调用目标字符串',
  `cron_expression` varchar(255) CHARACTER SET utf8 COLLATE utf8_bin NULL DEFAULT '' COMMENT 'cron执行表达式',
  `misfire_policy` varchar(20) CHARACTER SET utf8 COLLATE utf8_bin NULL DEFAULT '3' COMMENT '计划执行错误策略（1立即执行 2执行一次 3放弃执行）',
  `concurrent` char(1) CHARACTER SET utf8 COLLATE utf8_bin NULL DEFAULT '1' COMMENT '是否并发执行（0允许 1禁止）',
  `status` char(1) CHARACTER SET utf8 COLLATE utf8_bin NULL DEFAULT '0' COMMENT '状态（0正常 1暂停）',
  `create_by` varchar(64) CHARACTER SET utf8 COLLATE utf8_bin NULL DEFAULT '' COMMENT '创建者',
  `create_time` datetime(0) NULL DEFAULT NULL COMMENT '创建时间',
  `update_by` varchar(64) CHARACTER SET utf8 COLLATE utf8_bin NULL DEFAULT '' COMMENT '更新者',
  `update_time` datetime(0) NULL DEFAULT NULL COMMENT '更新时间',
  `remark` varchar(500) CHARACTER SET utf8 COLLATE utf8_bin NULL DEFAULT '' COMMENT '备注信息',
  PRIMARY KEY (`job_id`, `job_name`, `job_group`) USING BTREE
) ENGINE = InnoDB AUTO_INCREMENT = 3 CHARACTER SET = utf8 COLLATE = utf8_bin COMMENT = '定时任务调度表' ROW_FORMAT = Dynamic;

-- ----------------------------
-- Records of sys_job
-- ----------------------------
INSERT INTO `sys_job` VALUES (1, '系统默认（无参）', 'DEFAULT', 'ryTask.ryNoParams', '0/10 * * * * ?', '3', '1', '1', 'admin', '2025-01-12 15:59:30', '', NULL, '');
INSERT INTO `sys_job` VALUES (2, '系统默认（有参）', 'DEFAULT', 'ryTask.ryParams(\'ry\')', '0/15 * * * * ?', '3', '1', '1', 'admin', '2025-01-12 15:59:30', '', NULL, '');
INSERT INTO `sys_job` VALUES (3, '系统默认（多参）', 'DEFAULT', 'ryTask.ryMultipleParams(\'ry\', true, 2000L, 316.50D, 100)', '0/20 * * * * ?', '3', '1', '1', 'admin', '2025-01-12 15:59:30', '', NULL, '');

-- ----------------------------
-- Table structure for sys_job_log
-- ----------------------------
DROP TABLE IF EXISTS `sys_job_log`;
CREATE TABLE `sys_job_log`  (
  `job_log_id` bigint(0) NOT NULL AUTO_INCREMENT COMMENT '任务日志ID',
  `job_name` varchar(64) CHARACTER SET utf8 COLLATE utf8_bin NOT NULL COMMENT '任务名称',
  `job_group` varchar(64) CHARACTER SET utf8 COLLATE utf8_bin NOT NULL COMMENT '任务组名',
  `invoke_target` varchar(500) CHARACTER SET utf8 COLLATE utf8_bin NOT NULL COMMENT '调用目标字符串',
  `job_message` varchar(500) CHARACTER SET utf8 COLLATE utf8_bin NULL DEFAULT NULL COMMENT '日志信息',
  `status` char(1) CHARACTER SET utf8 COLLATE utf8_bin NULL DEFAULT '0' COMMENT '执行状态（0正常 1失败）',
  `exception_info` varchar(2000) CHARACTER SET utf8 COLLATE utf8_bin NULL DEFAULT '' COMMENT '异常信息',
  `create_time` datetime(0) NULL DEFAULT NULL COMMENT '创建时间',
  PRIMARY KEY (`job_log_id`) USING BTREE
) ENGINE = InnoDB CHARACTER SET = utf8 COLLATE = utf8_bin COMMENT = '定时任务调度日志表' ROW_FORMAT = Dynamic;

-- ----------------------------
-- Records of sys_job_log
-- ----------------------------

-- ----------------------------
-- Table structure for sys_logininfor
-- ----------------------------
DROP TABLE IF EXISTS `sys_logininfor`;
CREATE TABLE `sys_logininfor`  (
  `info_id` bigint(0) NOT NULL AUTO_INCREMENT COMMENT '访问ID',
  `user_name` varchar(50) CHARACTER SET utf8 COLLATE utf8_bin NULL DEFAULT '' COMMENT '用户账号',
  `ipaddr` varchar(128) CHARACTER SET utf8 COLLATE utf8_bin NULL DEFAULT '' COMMENT '登录IP地址',
  `login_location` varchar(255) CHARACTER SET utf8 COLLATE utf8_bin NULL DEFAULT '' COMMENT '登录地点',
  `browser` varchar(50) CHARACTER SET utf8 COLLATE utf8_bin NULL DEFAULT '' COMMENT '浏览器类型',
  `os` varchar(50) CHARACTER SET utf8 COLLATE utf8_bin NULL DEFAULT '' COMMENT '操作系统',
  `status` char(1) CHARACTER SET utf8 COLLATE utf8_bin NULL DEFAULT '0' COMMENT '登录状态（0成功 1失败）',
  `msg` varchar(255) CHARACTER SET utf8 COLLATE utf8_bin NULL DEFAULT '' COMMENT '提示消息',
  `login_time` datetime(0) NULL DEFAULT NULL COMMENT '访问时间',
  PRIMARY KEY (`info_id`) USING BTREE,
  INDEX `idx_sys_logininfor_s`(`status`) USING BTREE,
  INDEX `idx_sys_logininfor_lt`(`login_time`) USING BTREE
) ENGINE = InnoDB AUTO_INCREMENT = 165 CHARACTER SET = utf8 COLLATE = utf8_bin COMMENT = '系统访问记录' ROW_FORMAT = Dynamic;

-- ----------------------------
-- Records of sys_logininfor
-- ----------------------------
INSERT INTO `sys_logininfor` VALUES (100, 'admin', '127.0.0.1', '内网IP', 'Chrome 11', 'Windows 10', '0', '登录成功', '2025-01-13 12:18:50');
INSERT INTO `sys_logininfor` VALUES (101, 'admin', '127.0.0.1', '内网IP', 'Chrome 11', 'Windows 10', '1', '验证码已失效', '2025-01-13 14:51:52');
INSERT INTO `sys_logininfor` VALUES (102, 'admin', '127.0.0.1', '内网IP', 'Chrome 11', 'Windows 10', '0', '登录成功', '2025-01-13 14:51:57');
INSERT INTO `sys_logininfor` VALUES (103, 'admin', '127.0.0.1', '内网IP', 'Chrome 11', 'Windows 10', '0', '登录成功', '2025-01-13 15:56:33');
INSERT INTO `sys_logininfor` VALUES (104, 'admin', '127.0.0.1', '内网IP', 'Chrome 11', 'Windows 10', '0', '登录成功', '2025-01-13 18:26:24');
INSERT INTO `sys_logininfor` VALUES (105, 'admin', '127.0.0.1', '内网IP', 'Chrome 11', 'Windows 10', '0', '登录成功', '2025-01-14 13:25:56');
INSERT INTO `sys_logininfor` VALUES (106, 'admin', '127.0.0.1', '内网IP', 'Chrome 11', 'Windows 10', '0', '登录成功', '2025-01-14 15:13:15');
INSERT INTO `sys_logininfor` VALUES (107, 'admin', '127.0.0.1', '内网IP', 'Chrome 11', 'Windows 10', '0', '登录成功', '2025-01-14 17:27:17');
INSERT INTO `sys_logininfor` VALUES (108, 'admin', '127.0.0.1', '内网IP', 'Chrome 11', 'Windows 10', '1', '验证码错误', '2025-01-14 18:48:02');
INSERT INTO `sys_logininfor` VALUES (109, 'admin', '127.0.0.1', '内网IP', 'Chrome 11', 'Windows 10', '0', '登录成功', '2025-01-14 18:48:06');
INSERT INTO `sys_logininfor` VALUES (110, 'admin', '127.0.0.1', '内网IP', 'Chrome 11', 'Windows 10', '0', '退出成功', '2025-01-14 19:23:51');
INSERT INTO `sys_logininfor` VALUES (111, 'admin', '127.0.0.1', '内网IP', 'Chrome 11', 'Windows 10', '0', '登录成功', '2025-01-14 19:23:57');
INSERT INTO `sys_logininfor` VALUES (112, 'admin', '127.0.0.1', '内网IP', 'Chrome 11', 'Windows 10', '0', '退出成功', '2025-01-14 19:25:32');
INSERT INTO `sys_logininfor` VALUES (113, 'admin', '127.0.0.1', '内网IP', 'Chrome 11', 'Windows 10', '0', '登录成功', '2025-01-14 19:25:37');
INSERT INTO `sys_logininfor` VALUES (114, 'admin', '127.0.0.1', '内网IP', 'Chrome 11', 'Windows 10', '0', '退出成功', '2025-01-14 19:33:06');
INSERT INTO `sys_logininfor` VALUES (115, 'admin', '127.0.0.1', '内网IP', 'Chrome 11', 'Windows 10', '0', '登录成功', '2025-01-14 19:33:12');
INSERT INTO `sys_logininfor` VALUES (116, 'admin', '127.0.0.1', '内网IP', 'Chrome 11', 'Windows 10', '0', '登录成功', '2025-01-14 20:56:51');
INSERT INTO `sys_logininfor` VALUES (117, 'admin', '127.0.0.1', '内网IP', 'Chrome 11', 'Windows 10', '1', '验证码错误', '2025-01-15 13:23:49');
INSERT INTO `sys_logininfor` VALUES (118, 'admin', '127.0.0.1', '内网IP', 'Chrome 11', 'Windows 10', '1', '验证码错误', '2025-01-15 13:23:53');
INSERT INTO `sys_logininfor` VALUES (119, 'admin', '127.0.0.1', '内网IP', 'Chrome 11', 'Windows 10', '0', '登录成功', '2025-01-15 13:23:59');
INSERT INTO `sys_logininfor` VALUES (120, 'admin', '127.0.0.1', '内网IP', 'Chrome 11', 'Windows 10', '0', '登录成功', '2025-01-15 14:22:59');
INSERT INTO `sys_logininfor` VALUES (121, 'admin', '127.0.0.1', '内网IP', 'Chrome 11', 'Windows 10', '0', '登录成功', '2025-01-16 13:03:34');
INSERT INTO `sys_logininfor` VALUES (122, 'admin', '127.0.0.1', '内网IP', 'Chrome 11', 'Windows 10', '0', '登录成功', '2025-01-16 14:25:38');
INSERT INTO `sys_logininfor` VALUES (123, 'admin', '127.0.0.1', '内网IP', 'Chrome 11', 'Windows 10', '0', '登录成功', '2025-01-16 16:26:37');
INSERT INTO `sys_logininfor` VALUES (124, 'admin', '127.0.0.1', '内网IP', 'Chrome 11', 'Windows 10', '0', '退出成功', '2025-01-16 16:27:14');
INSERT INTO `sys_logininfor` VALUES (125, 'ry', '127.0.0.1', '内网IP', 'Chrome 11', 'Windows 10', '0', '登录成功', '2025-01-16 16:27:24');
INSERT INTO `sys_logininfor` VALUES (126, 'ry', '127.0.0.1', '内网IP', 'Chrome 11', 'Windows 10', '0', '退出成功', '2025-01-16 16:27:56');
INSERT INTO `sys_logininfor` VALUES (127, 'admin', '127.0.0.1', '内网IP', 'Chrome 11', 'Windows 10', '0', '登录成功', '2025-01-16 16:28:03');
INSERT INTO `sys_logininfor` VALUES (128, 'admin', '127.0.0.1', '内网IP', 'Chrome 11', 'Windows 10', '0', '退出成功', '2025-01-16 16:38:15');
INSERT INTO `sys_logininfor` VALUES (129, 'ry', '127.0.0.1', '内网IP', 'Chrome 11', 'Windows 10', '0', '登录成功', '2025-01-16 16:38:24');
INSERT INTO `sys_logininfor` VALUES (130, 'ry', '127.0.0.1', '内网IP', 'Chrome 11', 'Windows 10', '0', '退出成功', '2025-01-16 16:38:42');
INSERT INTO `sys_logininfor` VALUES (131, 'admin', '127.0.0.1', '内网IP', 'Chrome 11', 'Windows 10', '0', '登录成功', '2025-01-16 16:38:50');
INSERT INTO `sys_logininfor` VALUES (132, 'admin', '127.0.0.1', '内网IP', 'Chrome 11', 'Windows 10', '0', '退出成功', '2025-01-16 16:39:45');
INSERT INTO `sys_logininfor` VALUES (133, 'admin', '127.0.0.1', '内网IP', 'Chrome 11', 'Windows 10', '1', '验证码错误', '2025-01-16 16:39:49');
INSERT INTO `sys_logininfor` VALUES (134, 'ry', '127.0.0.1', '内网IP', 'Chrome 11', 'Windows 10', '0', '登录成功', '2025-01-16 16:39:57');
INSERT INTO `sys_logininfor` VALUES (135, 'ry', '127.0.0.1', '内网IP', 'Chrome 11', 'Windows 10', '0', '退出成功', '2025-01-16 16:41:03');
INSERT INTO `sys_logininfor` VALUES (136, 'admin', '127.0.0.1', '内网IP', 'Chrome 11', 'Windows 10', '0', '登录成功', '2025-01-16 16:41:08');
INSERT INTO `sys_logininfor` VALUES (137, 'admin', '127.0.0.1', '内网IP', 'Chrome 11', 'Windows 10', '0', '退出成功', '2025-01-16 16:43:41');
INSERT INTO `sys_logininfor` VALUES (138, 'ry', '127.0.0.1', '内网IP', 'Chrome 11', 'Windows 10', '0', '登录成功', '2025-01-16 16:43:48');
INSERT INTO `sys_logininfor` VALUES (139, 'ry', '127.0.0.1', '内网IP', 'Chrome 11', 'Windows 10', '0', '退出成功', '2025-01-16 16:44:56');
INSERT INTO `sys_logininfor` VALUES (140, 'admin', '127.0.0.1', '内网IP', 'Chrome 11', 'Windows 10', '1', '验证码错误', '2025-01-16 16:45:03');
INSERT INTO `sys_logininfor` VALUES (141, 'admin', '127.0.0.1', '内网IP', 'Chrome 11', 'Windows 10', '0', '登录成功', '2025-01-16 16:45:08');
INSERT INTO `sys_logininfor` VALUES (142, 'admin', '127.0.0.1', '内网IP', 'Chrome 11', 'Windows 10', '0', '退出成功', '2025-01-16 17:00:27');
INSERT INTO `sys_logininfor` VALUES (143, 'admin', '127.0.0.1', '内网IP', 'Chrome 11', 'Windows 10', '0', '登录成功', '2025-01-16 17:00:31');
INSERT INTO `sys_logininfor` VALUES (144, 'admin', '127.0.0.1', '内网IP', 'Chrome 11', 'Windows 10', '0', '退出成功', '2025-01-16 17:01:42');
INSERT INTO `sys_logininfor` VALUES (145, 'admin', '127.0.0.1', '内网IP', 'Chrome 11', 'Windows 10', '1', '验证码错误', '2025-01-16 17:01:47');
INSERT INTO `sys_logininfor` VALUES (146, 'admin', '127.0.0.1', '内网IP', 'Chrome 11', 'Windows 10', '1', '验证码错误', '2025-01-16 17:01:51');
INSERT INTO `sys_logininfor` VALUES (147, 'admin', '127.0.0.1', '内网IP', 'Chrome 11', 'Windows 10', '0', '登录成功', '2025-01-16 17:01:56');
INSERT INTO `sys_logininfor` VALUES (148, 'admin', '127.0.0.1', '内网IP', 'Chrome 11', 'Windows 10', '0', '退出成功', '2025-01-16 17:04:52');
INSERT INTO `sys_logininfor` VALUES (149, 'ry', '127.0.0.1', '内网IP', 'Chrome 11', 'Windows 10', '0', '登录成功', '2025-01-16 17:04:57');
INSERT INTO `sys_logininfor` VALUES (150, 'ry', '127.0.0.1', '内网IP', 'Chrome 11', 'Windows 10', '0', '退出成功', '2025-01-16 17:19:58');
INSERT INTO `sys_logininfor` VALUES (151, 'admin', '127.0.0.1', '内网IP', 'Chrome 11', 'Windows 10', '0', '登录成功', '2025-01-16 17:47:01');
INSERT INTO `sys_logininfor` VALUES (152, 'admin', '127.0.0.1', '内网IP', 'Chrome 11', 'Windows 10', '0', '退出成功', '2025-01-16 17:51:34');
INSERT INTO `sys_logininfor` VALUES (153, 'admin', '127.0.0.1', '内网IP', 'Chrome 11', 'Windows 10', '0', '登录成功', '2025-01-16 17:51:41');
INSERT INTO `sys_logininfor` VALUES (154, 'admin', '127.0.0.1', '内网IP', 'Chrome 11', 'Windows 10', '0', '退出成功', '2025-01-16 17:53:25');
INSERT INTO `sys_logininfor` VALUES (155, 'ry', '127.0.0.1', '内网IP', 'Chrome 11', 'Windows 10', '0', '登录成功', '2025-01-16 17:53:35');
INSERT INTO `sys_logininfor` VALUES (156, 'ry', '127.0.0.1', '内网IP', 'Chrome 11', 'Windows 10', '0', '退出成功', '2025-01-16 17:57:51');
INSERT INTO `sys_logininfor` VALUES (157, 'admin', '127.0.0.1', '内网IP', 'Chrome 11', 'Windows 10', '0', '登录成功', '2025-01-16 17:59:17');
INSERT INTO `sys_logininfor` VALUES (158, 'admin', '127.0.0.1', '内网IP', 'Chrome 11', 'Windows 10', '0', '退出成功', '2025-01-16 18:13:39');
INSERT INTO `sys_logininfor` VALUES (159, 'admin', '127.0.0.1', '内网IP', 'Chrome 11', 'Windows 10', '1', '验证码已失效', '2025-01-16 18:17:19');
INSERT INTO `sys_logininfor` VALUES (160, 'admin', '127.0.0.1', '内网IP', 'Chrome 11', 'Windows 10', '1', '验证码错误', '2025-01-16 18:17:24');
INSERT INTO `sys_logininfor` VALUES (161, 'admin', '127.0.0.1', '内网IP', 'Chrome 11', 'Windows 10', '0', '登录成功', '2025-01-16 18:17:28');
INSERT INTO `sys_logininfor` VALUES (162, 'admin', '127.0.0.1', '内网IP', 'Chrome 11', 'Windows 10', '0', '登录成功', '2025-01-16 18:54:42');
INSERT INTO `sys_logininfor` VALUES (163, 'admin', '127.0.0.1', '内网IP', 'Chrome 11', 'Windows 10', '0', '退出成功', '2025-01-16 19:39:52');
INSERT INTO `sys_logininfor` VALUES (164, 'ry', '127.0.0.1', '内网IP', 'Chrome 11', 'Windows 10', '1', '验证码错误', '2025-01-16 19:40:03');
INSERT INTO `sys_logininfor` VALUES (165, 'ry', '127.0.0.1', '内网IP', 'Chrome 11', 'Windows 10', '0', '登录成功', '2025-01-16 19:40:07');
INSERT INTO `sys_logininfor` VALUES (166, 'admin', '127.0.0.1', '内网IP', 'Chrome 11', 'Windows 10', '0', '登录成功', '2025-01-17 12:14:59');
INSERT INTO `sys_logininfor` VALUES (167, 'admin', '127.0.0.1', '内网IP', 'Chrome 11', 'Windows 10', '0', '退出成功', '2025-01-17 12:23:45');
INSERT INTO `sys_logininfor` VALUES (168, 'ry', '127.0.0.1', '内网IP', 'Chrome 11', 'Windows 10', '0', '登录成功', '2025-01-17 12:23:50');
INSERT INTO `sys_logininfor` VALUES (169, 'ry', '127.0.0.1', '内网IP', 'Chrome 11', 'Windows 10', '0', '退出成功', '2025-01-17 12:28:08');
INSERT INTO `sys_logininfor` VALUES (170, 'admin', '127.0.0.1', '内网IP', 'Chrome 11', 'Windows 10', '1', '验证码错误', '2025-01-17 12:28:15');
INSERT INTO `sys_logininfor` VALUES (171, 'admin', '127.0.0.1', '内网IP', 'Chrome 11', 'Windows 10', '0', '登录成功', '2025-01-17 12:28:19');
INSERT INTO `sys_logininfor` VALUES (172, 'admin', '127.0.0.1', '内网IP', 'Chrome 11', 'Windows 10', '0', '退出成功', '2025-01-17 12:47:54');
INSERT INTO `sys_logininfor` VALUES (173, 'admin', '127.0.0.1', '内网IP', 'Chrome 11', 'Windows 10', '0', '登录成功', '2025-01-17 12:48:09');
INSERT INTO `sys_logininfor` VALUES (174, 'admin', '127.0.0.1', '内网IP', 'Chrome 11', 'Windows 10', '0', '退出成功', '2025-01-17 12:52:25');
INSERT INTO `sys_logininfor` VALUES (175, 'admin', '127.0.0.1', '内网IP', 'Chrome 11', 'Windows 10', '0', '登录成功', '2025-01-17 12:52:45');
INSERT INTO `sys_logininfor` VALUES (176, 'admin', '127.0.0.1', '内网IP', 'Chrome 11', 'Windows 10', '0', '退出成功', '2025-01-17 12:59:31');
INSERT INTO `sys_logininfor` VALUES (177, 'www', '127.0.0.1', '内网IP', 'Chrome 11', 'Windows 10', '0', '注册成功', '2025-01-17 13:04:14');
INSERT INTO `sys_logininfor` VALUES (178, 'www', '127.0.0.1', '内网IP', 'Chrome 11', 'Windows 10', '0', '登录成功', '2025-01-17 13:04:28');
INSERT INTO `sys_logininfor` VALUES (179, 'admin', '127.0.0.1', '内网IP', 'Chrome 11', 'Windows 10', '0', '登录成功', '2025-01-17 13:36:36');
INSERT INTO `sys_logininfor` VALUES (180, 'admin', '127.0.0.1', '内网IP', 'Chrome 11', 'Windows 10', '0', '退出成功', '2025-01-17 13:37:04');
INSERT INTO `sys_logininfor` VALUES (181, 'www', '127.0.0.1', '内网IP', 'Chrome 11', 'Windows 10', '0', '注册成功', '2025-01-17 13:44:29');
INSERT INTO `sys_logininfor` VALUES (182, 'www', '127.0.0.1', '内网IP', 'Chrome 11', 'Windows 10', '1', '验证码错误', '2025-01-17 13:45:22');
INSERT INTO `sys_logininfor` VALUES (183, 'www', '127.0.0.1', '内网IP', 'Chrome 11', 'Windows 10', '0', '登录成功', '2025-01-17 13:45:27');
INSERT INTO `sys_logininfor` VALUES (184, 'www', '127.0.0.1', '内网IP', 'Chrome 11', 'Windows 10', '0', '退出成功', '2025-01-17 13:45:37');
INSERT INTO `sys_logininfor` VALUES (185, 'admin', '127.0.0.1', '内网IP', 'Chrome 11', 'Windows 10', '1', '验证码错误', '2025-01-17 13:45:44');
INSERT INTO `sys_logininfor` VALUES (186, 'admin', '127.0.0.1', '内网IP', 'Chrome 11', 'Windows 10', '0', '登录成功', '2025-01-17 13:45:49');
INSERT INTO `sys_logininfor` VALUES (187, 'admin', '127.0.0.1', '内网IP', 'Chrome 11', 'Windows 10', '0', '退出成功', '2025-01-17 13:54:11');
INSERT INTO `sys_logininfor` VALUES (188, 'ry', '127.0.0.1', '内网IP', 'Chrome 11', 'Windows 10', '0', '登录成功', '2025-01-17 13:54:37');

-- ----------------------------
-- Table structure for sys_menu
-- ----------------------------
DROP TABLE IF EXISTS `sys_menu`;
CREATE TABLE `sys_menu`  (
  `menu_id` bigint(0) NOT NULL AUTO_INCREMENT COMMENT '菜单ID',
  `menu_name` varchar(50) CHARACTER SET utf8 COLLATE utf8_bin NOT NULL COMMENT '菜单名称',
  `parent_id` bigint(0) NULL DEFAULT 0 COMMENT '父菜单ID',
  `order_num` int(0) NULL DEFAULT 0 COMMENT '显示顺序',
  `path` varchar(200) CHARACTER SET utf8 COLLATE utf8_bin NULL DEFAULT '' COMMENT '路由地址',
  `component` varchar(255) CHARACTER SET utf8 COLLATE utf8_bin NULL DEFAULT NULL COMMENT '组件路径',
  `query` varchar(255) CHARACTER SET utf8 COLLATE utf8_bin NULL DEFAULT NULL COMMENT '路由参数',
  `route_name` varchar(50) CHARACTER SET utf8 COLLATE utf8_bin NULL DEFAULT '' COMMENT '路由名称',
  `is_frame` int(0) NULL DEFAULT 1 COMMENT '是否为外链（0是 1否）',
  `is_cache` int(0) NULL DEFAULT 0 COMMENT '是否缓存（0缓存 1不缓存）',
  `menu_type` char(1) CHARACTER SET utf8 COLLATE utf8_bin NULL DEFAULT '' COMMENT '菜单类型（M目录 C菜单 F按钮）',
  `visible` char(1) CHARACTER SET utf8 COLLATE utf8_bin NULL DEFAULT '0' COMMENT '菜单状态（0显示 1隐藏）',
  `status` char(1) CHARACTER SET utf8 COLLATE utf8_bin NULL DEFAULT '0' COMMENT '菜单状态（0正常 1停用）',
  `perms` varchar(100) CHARACTER SET utf8 COLLATE utf8_bin NULL DEFAULT NULL COMMENT '权限标识',
  `icon` varchar(100) CHARACTER SET utf8 COLLATE utf8_bin NULL DEFAULT '#' COMMENT '菜单图标',
  `create_by` varchar(64) CHARACTER SET utf8 COLLATE utf8_bin NULL DEFAULT '' COMMENT '创建者',
  `create_time` datetime(0) NULL DEFAULT NULL COMMENT '创建时间',
  `update_by` varchar(64) CHARACTER SET utf8 COLLATE utf8_bin NULL DEFAULT '' COMMENT '更新者',
  `update_time` datetime(0) NULL DEFAULT NULL COMMENT '更新时间',
  `remark` varchar(500) CHARACTER SET utf8 COLLATE utf8_bin NULL DEFAULT '' COMMENT '备注',
  PRIMARY KEY (`menu_id`) USING BTREE
) ENGINE = InnoDB AUTO_INCREMENT = 2003 CHARACTER SET = utf8 COLLATE = utf8_bin COMMENT = '菜单权限表' ROW_FORMAT = Dynamic;

-- ----------------------------
-- Records of sys_menu
-- ----------------------------
INSERT INTO `sys_menu` VALUES (1, '系统管理', 0, 3, 'system', NULL, '', '', 1, 0, 'M', '0', '0', '', 'system', 'admin', '2025-01-12 15:59:29', 'admin', '2025-01-15 13:29:54', '系统管理目录');
INSERT INTO `sys_menu` VALUES (2, '系统监控', 0, 3, 'monitor', NULL, '', '', 1, 0, 'M', '0', '0', '', 'monitor', 'admin', '2025-01-12 15:59:29', 'admin', '2025-01-15 13:30:31', '系统监控目录');
INSERT INTO `sys_menu` VALUES (3, '系统工具', 0, 3, 'tool', NULL, '', '', 1, 0, 'M', '0', '1', '', 'tool', 'admin', '2025-01-12 15:59:29', 'admin', '2025-01-17 12:48:58', '系统工具目录');
INSERT INTO `sys_menu` VALUES (4, '若依官网', 0, 4, 'http://ruoyi.vip', NULL, '', '', 0, 0, 'M', '0', '1', '', 'guide', 'admin', '2025-01-12 15:59:29', 'admin', '2025-01-17 12:48:51', '若依官网地址');
INSERT INTO `sys_menu` VALUES (100, '用户管理', 1, 1, 'user', 'system/user/index', '', '', 1, 0, 'C', '0', '0', 'system:user:list', 'user', 'admin', '2025-01-12 15:59:29', '', NULL, '用户管理菜单');
INSERT INTO `sys_menu` VALUES (101, '角色管理', 1, 2, 'role', 'system/role/index', '', '', 1, 0, 'C', '0', '0', 'system:role:list', 'peoples', 'admin', '2025-01-12 15:59:29', '', NULL, '角色管理菜单');
INSERT INTO `sys_menu` VALUES (102, '菜单管理', 1, 3, 'menu', 'system/menu/index', '', '', 1, 0, 'C', '1', '0', 'system:menu:list', 'tree-table', 'admin', '2025-01-12 15:59:29', 'admin', '2025-01-17 12:51:33', '菜单管理菜单');
INSERT INTO `sys_menu` VALUES (103, '部门管理', 1, 4, 'dept', 'system/dept/index', '', '', 1, 0, 'C', '1', '0', 'system:dept:list', 'tree', 'admin', '2025-01-12 15:59:29', 'admin', '2025-01-17 12:46:38', '部门管理菜单');
INSERT INTO `sys_menu` VALUES (104, '岗位管理', 1, 5, 'post', 'system/post/index', '', '', 1, 0, 'C', '1', '0', 'system:post:list', 'post', 'admin', '2025-01-12 15:59:29', 'admin', '2025-01-17 12:46:46', '岗位管理菜单');
INSERT INTO `sys_menu` VALUES (105, '字典管理', 1, 6, 'dict', 'system/dict/index', '', '', 1, 0, 'C', '1', '0', 'system:dict:list', 'dict', 'admin', '2025-01-12 15:59:29', 'admin', '2025-01-17 12:46:54', '字典管理菜单');
INSERT INTO `sys_menu` VALUES (106, '参数设置', 1, 7, 'config', 'system/config/index', '', '', 1, 0, 'C', '1', '0', 'system:config:list', 'edit', 'admin', '2025-01-12 15:59:29', 'admin', '2025-01-17 12:46:59', '参数设置菜单');
INSERT INTO `sys_menu` VALUES (107, '通知公告', 1, 8, 'notice', 'system/notice/index', '', '', 1, 0, 'C', '0', '0', 'system:notice:list', 'message', 'admin', '2025-01-12 15:59:29', '', NULL, '通知公告菜单');
INSERT INTO `sys_menu` VALUES (108, '日志管理', 1, 9, 'log', '', '', '', 1, 0, 'M', '0', '0', '', 'log', 'admin', '2025-01-12 15:59:29', '', NULL, '日志管理菜单');
INSERT INTO `sys_menu` VALUES (109, '在线用户', 2, 1, 'online', 'monitor/online/index', '', '', 1, 0, 'C', '0', '0', 'monitor:online:list', 'online', 'admin', '2025-01-12 15:59:29', '', NULL, '在线用户菜单');
INSERT INTO `sys_menu` VALUES (110, '定时任务', 2, 2, 'job', 'monitor/job/index', '', '', 1, 0, 'C', '1', '0', 'monitor:job:list', 'job', 'admin', '2025-01-12 15:59:29', 'admin', '2025-01-17 12:50:08', '定时任务菜单');
INSERT INTO `sys_menu` VALUES (111, '数据监控', 2, 3, 'druid', 'monitor/druid/index', '', '', 1, 0, 'C', '1', '0', 'monitor:druid:list', 'druid', 'admin', '2025-01-12 15:59:29', 'admin', '2025-01-17 12:51:06', '数据监控菜单');
INSERT INTO `sys_menu` VALUES (112, '服务监控', 2, 4, 'server', 'monitor/server/index', '', '', 1, 0, 'C', '0', '0', 'monitor:server:list', 'server', 'admin', '2025-01-12 15:59:29', '', NULL, '服务监控菜单');
INSERT INTO `sys_menu` VALUES (113, '缓存监控', 2, 5, 'cache', 'monitor/cache/index', '', '', 1, 0, 'C', '1', '0', 'monitor:cache:list', 'redis', 'admin', '2025-01-12 15:59:29', 'admin', '2025-01-17 12:51:12', '缓存监控菜单');
INSERT INTO `sys_menu` VALUES (114, '缓存列表', 2, 6, 'cacheList', 'monitor/cache/list', '', '', 1, 0, 'C', '1', '0', 'monitor:cache:list', 'redis-list', 'admin', '2025-01-12 15:59:29', 'admin', '2025-01-17 12:51:15', '缓存列表菜单');
INSERT INTO `sys_menu` VALUES (115, '表单构建', 3, 1, 'build', 'tool/build/index', '', '', 1, 0, 'C', '0', '0', 'tool:build:list', 'build', 'admin', '2025-01-12 15:59:29', '', NULL, '表单构建菜单');
INSERT INTO `sys_menu` VALUES (116, '代码生成', 3, 2, 'gen', 'tool/gen/index', '', '', 1, 0, 'C', '0', '0', 'tool:gen:list', 'code', 'admin', '2025-01-12 15:59:29', '', NULL, '代码生成菜单');
INSERT INTO `sys_menu` VALUES (117, '系统接口', 3, 3, 'swagger', 'tool/swagger/index', '', '', 1, 0, 'C', '0', '0', 'tool:swagger:list', 'swagger', 'admin', '2025-01-12 15:59:29', '', NULL, '系统接口菜单');
INSERT INTO `sys_menu` VALUES (500, '操作日志', 108, 1, 'operlog', 'monitor/operlog/index', '', '', 1, 0, 'C', '0', '0', 'monitor:operlog:list', 'form', 'admin', '2025-01-12 15:59:29', '', NULL, '操作日志菜单');
INSERT INTO `sys_menu` VALUES (501, '登录日志', 108, 2, 'logininfor', 'monitor/logininfor/index', '', '', 1, 0, 'C', '0', '0', 'monitor:logininfor:list', 'logininfor', 'admin', '2025-01-12 15:59:29', '', NULL, '登录日志菜单');
INSERT INTO `sys_menu` VALUES (1000, '用户查询', 100, 1, '', '', '', '', 1, 0, 'F', '0', '0', 'system:user:query', '#', 'admin', '2025-01-12 15:59:29', '', NULL, '');
INSERT INTO `sys_menu` VALUES (1001, '用户新增', 100, 2, '', '', '', '', 1, 0, 'F', '0', '0', 'system:user:add', '#', 'admin', '2025-01-12 15:59:29', '', NULL, '');
INSERT INTO `sys_menu` VALUES (1002, '用户修改', 100, 3, '', '', '', '', 1, 0, 'F', '0', '0', 'system:user:edit', '#', 'admin', '2025-01-12 15:59:29', '', NULL, '');
INSERT INTO `sys_menu` VALUES (1003, '用户删除', 100, 4, '', '', '', '', 1, 0, 'F', '0', '0', 'system:user:remove', '#', 'admin', '2025-01-12 15:59:29', '', NULL, '');
INSERT INTO `sys_menu` VALUES (1004, '用户导出', 100, 5, '', '', '', '', 1, 0, 'F', '0', '0', 'system:user:export', '#', 'admin', '2025-01-12 15:59:29', '', NULL, '');
INSERT INTO `sys_menu` VALUES (1005, '用户导入', 100, 6, '', '', '', '', 1, 0, 'F', '0', '0', 'system:user:import', '#', 'admin', '2025-01-12 15:59:29', '', NULL, '');
INSERT INTO `sys_menu` VALUES (1006, '重置密码', 100, 7, '', '', '', '', 1, 0, 'F', '0', '0', 'system:user:resetPwd', '#', 'admin', '2025-01-12 15:59:29', '', NULL, '');
INSERT INTO `sys_menu` VALUES (1007, '角色查询', 101, 1, '', '', '', '', 1, 0, 'F', '0', '0', 'system:role:query', '#', 'admin', '2025-01-12 15:59:29', '', NULL, '');
INSERT INTO `sys_menu` VALUES (1008, '角色新增', 101, 2, '', '', '', '', 1, 0, 'F', '0', '0', 'system:role:add', '#', 'admin', '2025-01-12 15:59:29', '', NULL, '');
INSERT INTO `sys_menu` VALUES (1009, '角色修改', 101, 3, '', '', '', '', 1, 0, 'F', '0', '0', 'system:role:edit', '#', 'admin', '2025-01-12 15:59:29', '', NULL, '');
INSERT INTO `sys_menu` VALUES (1010, '角色删除', 101, 4, '', '', '', '', 1, 0, 'F', '0', '0', 'system:role:remove', '#', 'admin', '2025-01-12 15:59:29', '', NULL, '');
INSERT INTO `sys_menu` VALUES (1011, '角色导出', 101, 5, '', '', '', '', 1, 0, 'F', '0', '0', 'system:role:export', '#', 'admin', '2025-01-12 15:59:29', '', NULL, '');
INSERT INTO `sys_menu` VALUES (1012, '菜单查询', 102, 1, '', '', '', '', 1, 0, 'F', '0', '0', 'system:menu:query', '#', 'admin', '2025-01-12 15:59:29', '', NULL, '');
INSERT INTO `sys_menu` VALUES (1013, '菜单新增', 102, 2, '', '', '', '', 1, 0, 'F', '0', '0', 'system:menu:add', '#', 'admin', '2025-01-12 15:59:29', '', NULL, '');
INSERT INTO `sys_menu` VALUES (1014, '菜单修改', 102, 3, '', '', '', '', 1, 0, 'F', '0', '0', 'system:menu:edit', '#', 'admin', '2025-01-12 15:59:29', '', NULL, '');
INSERT INTO `sys_menu` VALUES (1015, '菜单删除', 102, 4, '', '', '', '', 1, 0, 'F', '0', '0', 'system:menu:remove', '#', 'admin', '2025-01-12 15:59:29', '', NULL, '');
INSERT INTO `sys_menu` VALUES (1016, '部门查询', 103, 1, '', '', '', '', 1, 0, 'F', '0', '0', 'system:dept:query', '#', 'admin', '2025-01-12 15:59:29', '', NULL, '');
INSERT INTO `sys_menu` VALUES (1017, '部门新增', 103, 2, '', '', '', '', 1, 0, 'F', '0', '0', 'system:dept:add', '#', 'admin', '2025-01-12 15:59:29', '', NULL, '');
INSERT INTO `sys_menu` VALUES (1018, '部门修改', 103, 3, '', '', '', '', 1, 0, 'F', '0', '0', 'system:dept:edit', '#', 'admin', '2025-01-12 15:59:29', '', NULL, '');
INSERT INTO `sys_menu` VALUES (1019, '部门删除', 103, 4, '', '', '', '', 1, 0, 'F', '0', '0', 'system:dept:remove', '#', 'admin', '2025-01-12 15:59:29', '', NULL, '');
INSERT INTO `sys_menu` VALUES (1020, '岗位查询', 104, 1, '', '', '', '', 1, 0, 'F', '0', '0', 'system:post:query', '#', 'admin', '2025-01-12 15:59:29', '', NULL, '');
INSERT INTO `sys_menu` VALUES (1021, '岗位新增', 104, 2, '', '', '', '', 1, 0, 'F', '0', '0', 'system:post:add', '#', 'admin', '2025-01-12 15:59:29', '', NULL, '');
INSERT INTO `sys_menu` VALUES (1022, '岗位修改', 104, 3, '', '', '', '', 1, 0, 'F', '0', '0', 'system:post:edit', '#', 'admin', '2025-01-12 15:59:29', '', NULL, '');
INSERT INTO `sys_menu` VALUES (1023, '岗位删除', 104, 4, '', '', '', '', 1, 0, 'F', '0', '0', 'system:post:remove', '#', 'admin', '2025-01-12 15:59:29', '', NULL, '');
INSERT INTO `sys_menu` VALUES (1024, '岗位导出', 104, 5, '', '', '', '', 1, 0, 'F', '0', '0', 'system:post:export', '#', 'admin', '2025-01-12 15:59:29', '', NULL, '');
INSERT INTO `sys_menu` VALUES (1025, '字典查询', 105, 1, '#', '', '', '', 1, 0, 'F', '0', '0', 'system:dict:query', '#', 'admin', '2025-01-12 15:59:29', '', NULL, '');
INSERT INTO `sys_menu` VALUES (1026, '字典新增', 105, 2, '#', '', '', '', 1, 0, 'F', '0', '0', 'system:dict:add', '#', 'admin', '2025-01-12 15:59:29', '', NULL, '');
INSERT INTO `sys_menu` VALUES (1027, '字典修改', 105, 3, '#', '', '', '', 1, 0, 'F', '0', '0', 'system:dict:edit', '#', 'admin', '2025-01-12 15:59:29', '', NULL, '');
INSERT INTO `sys_menu` VALUES (1028, '字典删除', 105, 4, '#', '', '', '', 1, 0, 'F', '0', '0', 'system:dict:remove', '#', 'admin', '2025-01-12 15:59:29', '', NULL, '');
INSERT INTO `sys_menu` VALUES (1029, '字典导出', 105, 5, '#', '', '', '', 1, 0, 'F', '0', '0', 'system:dict:export', '#', 'admin', '2025-01-12 15:59:29', '', NULL, '');
INSERT INTO `sys_menu` VALUES (1030, '参数查询', 106, 1, '#', '', '', '', 1, 0, 'F', '0', '0', 'system:config:query', '#', 'admin', '2025-01-12 15:59:29', '', NULL, '');
INSERT INTO `sys_menu` VALUES (1031, '参数新增', 106, 2, '#', '', '', '', 1, 0, 'F', '0', '0', 'system:config:add', '#', 'admin', '2025-01-12 15:59:29', '', NULL, '');
INSERT INTO `sys_menu` VALUES (1032, '参数修改', 106, 3, '#', '', '', '', 1, 0, 'F', '0', '0', 'system:config:edit', '#', 'admin', '2025-01-12 15:59:29', '', NULL, '');
INSERT INTO `sys_menu` VALUES (1033, '参数删除', 106, 4, '#', '', '', '', 1, 0, 'F', '0', '0', 'system:config:remove', '#', 'admin', '2025-01-12 15:59:29', '', NULL, '');
INSERT INTO `sys_menu` VALUES (1034, '参数导出', 106, 5, '#', '', '', '', 1, 0, 'F', '0', '0', 'system:config:export', '#', 'admin', '2025-01-12 15:59:29', '', NULL, '');
INSERT INTO `sys_menu` VALUES (1035, '公告查询', 107, 1, '#', '', '', '', 1, 0, 'F', '0', '0', 'system:notice:query', '#', 'admin', '2025-01-12 15:59:29', '', NULL, '');
INSERT INTO `sys_menu` VALUES (1036, '公告新增', 107, 2, '#', '', '', '', 1, 0, 'F', '0', '0', 'system:notice:add', '#', 'admin', '2025-01-12 15:59:29', '', NULL, '');
INSERT INTO `sys_menu` VALUES (1037, '公告修改', 107, 3, '#', '', '', '', 1, 0, 'F', '0', '0', 'system:notice:edit', '#', 'admin', '2025-01-12 15:59:29', '', NULL, '');
INSERT INTO `sys_menu` VALUES (1038, '公告删除', 107, 4, '#', '', '', '', 1, 0, 'F', '0', '0', 'system:notice:remove', '#', 'admin', '2025-01-12 15:59:29', '', NULL, '');
INSERT INTO `sys_menu` VALUES (1039, '操作查询', 500, 1, '#', '', '', '', 1, 0, 'F', '0', '0', 'monitor:operlog:query', '#', 'admin', '2025-01-12 15:59:29', '', NULL, '');
INSERT INTO `sys_menu` VALUES (1040, '操作删除', 500, 2, '#', '', '', '', 1, 0, 'F', '0', '0', 'monitor:operlog:remove', '#', 'admin', '2025-01-12 15:59:29', '', NULL, '');
INSERT INTO `sys_menu` VALUES (1041, '日志导出', 500, 3, '#', '', '', '', 1, 0, 'F', '0', '0', 'monitor:operlog:export', '#', 'admin', '2025-01-12 15:59:29', '', NULL, '');
INSERT INTO `sys_menu` VALUES (1042, '登录查询', 501, 1, '#', '', '', '', 1, 0, 'F', '0', '0', 'monitor:logininfor:query', '#', 'admin', '2025-01-12 15:59:29', '', NULL, '');
INSERT INTO `sys_menu` VALUES (1043, '登录删除', 501, 2, '#', '', '', '', 1, 0, 'F', '0', '0', 'monitor:logininfor:remove', '#', 'admin', '2025-01-12 15:59:29', '', NULL, '');
INSERT INTO `sys_menu` VALUES (1044, '日志导出', 501, 3, '#', '', '', '', 1, 0, 'F', '0', '0', 'monitor:logininfor:export', '#', 'admin', '2025-01-12 15:59:29', '', NULL, '');
INSERT INTO `sys_menu` VALUES (1045, '账户解锁', 501, 4, '#', '', '', '', 1, 0, 'F', '0', '0', 'monitor:logininfor:unlock', '#', 'admin', '2025-01-12 15:59:29', '', NULL, '');
INSERT INTO `sys_menu` VALUES (1046, '在线查询', 109, 1, '#', '', '', '', 1, 0, 'F', '0', '0', 'monitor:online:query', '#', 'admin', '2025-01-12 15:59:29', '', NULL, '');
INSERT INTO `sys_menu` VALUES (1047, '批量强退', 109, 2, '#', '', '', '', 1, 0, 'F', '0', '0', 'monitor:online:batchLogout', '#', 'admin', '2025-01-12 15:59:29', '', NULL, '');
INSERT INTO `sys_menu` VALUES (1048, '单条强退', 109, 3, '#', '', '', '', 1, 0, 'F', '0', '0', 'monitor:online:forceLogout', '#', 'admin', '2025-01-12 15:59:29', '', NULL, '');
INSERT INTO `sys_menu` VALUES (1049, '任务查询', 110, 1, '#', '', '', '', 1, 0, 'F', '0', '0', 'monitor:job:query', '#', 'admin', '2025-01-12 15:59:29', '', NULL, '');
INSERT INTO `sys_menu` VALUES (1050, '任务新增', 110, 2, '#', '', '', '', 1, 0, 'F', '0', '0', 'monitor:job:add', '#', 'admin', '2025-01-12 15:59:29', '', NULL, '');
INSERT INTO `sys_menu` VALUES (1051, '任务修改', 110, 3, '#', '', '', '', 1, 0, 'F', '0', '0', 'monitor:job:edit', '#', 'admin', '2025-01-12 15:59:29', '', NULL, '');
INSERT INTO `sys_menu` VALUES (1052, '任务删除', 110, 4, '#', '', '', '', 1, 0, 'F', '0', '0', 'monitor:job:remove', '#', 'admin', '2025-01-12 15:59:29', '', NULL, '');
INSERT INTO `sys_menu` VALUES (1053, '状态修改', 110, 5, '#', '', '', '', 1, 0, 'F', '0', '0', 'monitor:job:changeStatus', '#', 'admin', '2025-01-12 15:59:29', '', NULL, '');
INSERT INTO `sys_menu` VALUES (1054, '任务导出', 110, 6, '#', '', '', '', 1, 0, 'F', '0', '0', 'monitor:job:export', '#', 'admin', '2025-01-12 15:59:29', '', NULL, '');
INSERT INTO `sys_menu` VALUES (1055, '生成查询', 116, 1, '#', '', '', '', 1, 0, 'F', '0', '0', 'tool:gen:query', '#', 'admin', '2025-01-12 15:59:29', '', NULL, '');
INSERT INTO `sys_menu` VALUES (1056, '生成修改', 116, 2, '#', '', '', '', 1, 0, 'F', '0', '0', 'tool:gen:edit', '#', 'admin', '2025-01-12 15:59:29', '', NULL, '');
INSERT INTO `sys_menu` VALUES (1057, '生成删除', 116, 3, '#', '', '', '', 1, 0, 'F', '0', '0', 'tool:gen:remove', '#', 'admin', '2025-01-12 15:59:29', '', NULL, '');
INSERT INTO `sys_menu` VALUES (1058, '导入代码', 116, 4, '#', '', '', '', 1, 0, 'F', '0', '0', 'tool:gen:import', '#', 'admin', '2025-01-12 15:59:29', '', NULL, '');
INSERT INTO `sys_menu` VALUES (1059, '预览代码', 116, 5, '#', '', '', '', 1, 0, 'F', '0', '0', 'tool:gen:preview', '#', 'admin', '2025-01-12 15:59:29', '', NULL, '');
INSERT INTO `sys_menu` VALUES (1060, '生成代码', 116, 6, '#', '', '', '', 1, 0, 'F', '0', '0', 'tool:gen:code', '#', 'admin', '2025-01-12 15:59:29', '', NULL, '');
INSERT INTO `sys_menu` VALUES (2001, '新闻信息录入', 0, 1, 'news', 'news/index', NULL, '', 1, 0, 'C', '0', '0', 'news:list', 'clipboard', 'admin', '2025-01-13 16:32:07', 'admin', '2025-01-16 16:49:14', '');
INSERT INTO `sys_menu` VALUES (2002, '新闻列表展示', 0, 0, 'new_list', 'new_list/index', NULL, '', 1, 0, 'C', '0', '0', 'news:list', 'excel', 'admin', '2025-01-13 19:28:14', 'admin', '2025-01-16 16:49:20', '');
INSERT INTO `sys_menu` VALUES (2003, '新闻数据处理', 0, 2, 'news_data', 'news_data/index', NULL, '', 1, 0, 'C', '1', '0', 'news:list', '#', 'admin', '2025-01-15 13:26:42', 'admin', '2025-01-16 16:38:11', '');

-- ----------------------------
-- Table structure for sys_news
-- ----------------------------
DROP TABLE IF EXISTS `sys_news`;
CREATE TABLE `sys_news`  (
  `id` int(0) NULL DEFAULT NULL,
  `name` varchar(20) CHARACTER SET utf8 COLLATE utf8_bin NULL DEFAULT NULL
) ENGINE = InnoDB CHARACTER SET = utf8 COLLATE = utf8_bin ROW_FORMAT = Dynamic;

-- ----------------------------
-- Records of sys_news
-- ----------------------------

-- ----------------------------
-- Table structure for sys_notice
-- ----------------------------
DROP TABLE IF EXISTS `sys_notice`;
CREATE TABLE `sys_notice`  (
  `notice_id` int(0) NOT NULL AUTO_INCREMENT COMMENT '公告ID',
  `notice_title` varchar(50) CHARACTER SET utf8 COLLATE utf8_bin NOT NULL COMMENT '公告标题',
  `notice_type` char(1) CHARACTER SET utf8 COLLATE utf8_bin NOT NULL COMMENT '公告类型（1通知 2公告）',
  `notice_content` longblob NULL COMMENT '公告内容',
  `status` char(1) CHARACTER SET utf8 COLLATE utf8_bin NULL DEFAULT '0' COMMENT '公告状态（0正常 1关闭）',
  `create_by` varchar(64) CHARACTER SET utf8 COLLATE utf8_bin NULL DEFAULT '' COMMENT '创建者',
  `create_time` datetime(0) NULL DEFAULT NULL COMMENT '创建时间',
  `update_by` varchar(64) CHARACTER SET utf8 COLLATE utf8_bin NULL DEFAULT '' COMMENT '更新者',
  `update_time` datetime(0) NULL DEFAULT NULL COMMENT '更新时间',
  `remark` varchar(255) CHARACTER SET utf8 COLLATE utf8_bin NULL DEFAULT NULL COMMENT '备注',
  PRIMARY KEY (`notice_id`) USING BTREE
) ENGINE = InnoDB AUTO_INCREMENT = 2 CHARACTER SET = utf8 COLLATE = utf8_bin COMMENT = '通知公告表' ROW_FORMAT = Dynamic;

-- ----------------------------
-- Records of sys_notice
-- ----------------------------
INSERT INTO `sys_notice` VALUES (1, '温馨提醒：2018-07-01 若依新版本发布啦', '2', 0xE696B0E78988E69CACE58685E5AEB9, '0', 'admin', '2025-01-12 15:59:30', '', NULL, '管理员');
INSERT INTO `sys_notice` VALUES (2, '维护通知：2018-07-01 若依系统凌晨维护', '1', 0xE7BBB4E68AA4E58685E5AEB9, '0', 'admin', '2025-01-12 15:59:30', '', NULL, '管理员');

-- ----------------------------
-- Table structure for sys_oper_log
-- ----------------------------
DROP TABLE IF EXISTS `sys_oper_log`;
CREATE TABLE `sys_oper_log`  (
  `oper_id` bigint(0) NOT NULL AUTO_INCREMENT COMMENT '日志主键',
  `title` varchar(50) CHARACTER SET utf8 COLLATE utf8_bin NULL DEFAULT '' COMMENT '模块标题',
  `business_type` int(0) NULL DEFAULT 0 COMMENT '业务类型（0其它 1新增 2修改 3删除）',
  `method` varchar(200) CHARACTER SET utf8 COLLATE utf8_bin NULL DEFAULT '' COMMENT '方法名称',
  `request_method` varchar(10) CHARACTER SET utf8 COLLATE utf8_bin NULL DEFAULT '' COMMENT '请求方式',
  `operator_type` int(0) NULL DEFAULT 0 COMMENT '操作类别（0其它 1后台用户 2手机端用户）',
  `oper_name` varchar(50) CHARACTER SET utf8 COLLATE utf8_bin NULL DEFAULT '' COMMENT '操作人员',
  `dept_name` varchar(50) CHARACTER SET utf8 COLLATE utf8_bin NULL DEFAULT '' COMMENT '部门名称',
  `oper_url` varchar(255) CHARACTER SET utf8 COLLATE utf8_bin NULL DEFAULT '' COMMENT '请求URL',
  `oper_ip` varchar(128) CHARACTER SET utf8 COLLATE utf8_bin NULL DEFAULT '' COMMENT '主机地址',
  `oper_location` varchar(255) CHARACTER SET utf8 COLLATE utf8_bin NULL DEFAULT '' COMMENT '操作地点',
  `oper_param` varchar(2000) CHARACTER SET utf8 COLLATE utf8_bin NULL DEFAULT '' COMMENT '请求参数',
  `json_result` varchar(2000) CHARACTER SET utf8 COLLATE utf8_bin NULL DEFAULT '' COMMENT '返回参数',
  `status` int(0) NULL DEFAULT 0 COMMENT '操作状态（0正常 1异常）',
  `error_msg` varchar(2000) CHARACTER SET utf8 COLLATE utf8_bin NULL DEFAULT '' COMMENT '错误消息',
  `oper_time` datetime(0) NULL DEFAULT NULL COMMENT '操作时间',
  `cost_time` bigint(0) NULL DEFAULT 0 COMMENT '消耗时间',
  PRIMARY KEY (`oper_id`) USING BTREE,
  INDEX `idx_sys_oper_log_bt`(`business_type`) USING BTREE,
  INDEX `idx_sys_oper_log_s`(`status`) USING BTREE,
  INDEX `idx_sys_oper_log_ot`(`oper_time`) USING BTREE
) ENGINE = InnoDB AUTO_INCREMENT = 137 CHARACTER SET = utf8 COLLATE = utf8_bin COMMENT = '操作日志记录' ROW_FORMAT = Dynamic;

-- ----------------------------
-- Records of sys_oper_log
-- ----------------------------
INSERT INTO `sys_oper_log` VALUES (100, '参数管理', 5, 'com.ruoyi.web.controller.system.SysConfigController.export()', 'POST', 1, 'admin', '研发部门', '/system/config/export', '127.0.0.1', '内网IP', '{\"pageSize\":\"10\",\"pageNum\":\"1\"}', NULL, 0, NULL, '2025-01-13 12:27:22', 567);
INSERT INTO `sys_oper_log` VALUES (101, '创建表', 0, 'com.ruoyi.generator.controller.GenController.createTableSave()', 'POST', 1, 'admin', '研发部门', '/tool/gen/createTable', '127.0.0.1', '内网IP', '{\"sql\":\"CREATE TABLE table_name (\\n        name varchar(10),\\n        column2 varchar(10),\\n        columnN varchar(10)\\n    );\\n    \"}', '{\"msg\":\"操作成功\",\"code\":200}', 0, NULL, '2025-01-13 12:43:08', 108);
INSERT INTO `sys_oper_log` VALUES (102, '代码生成', 2, 'com.ruoyi.generator.controller.GenController.editSave()', 'PUT', 1, 'admin', '研发部门', '/tool/gen', '127.0.0.1', '内网IP', '{\"businessName\":\"name\",\"className\":\"TableName\",\"columns\":[{\"capJavaField\":\"Name\",\"columnId\":1,\"columnName\":\"name\",\"columnType\":\"varchar(10)\",\"createBy\":\"admin\",\"createTime\":\"2025-01-13 12:43:08\",\"dictType\":\"\",\"edit\":true,\"htmlType\":\"input\",\"increment\":false,\"insert\":true,\"isEdit\":\"1\",\"isIncrement\":\"0\",\"isInsert\":\"1\",\"isList\":\"1\",\"isPk\":\"0\",\"isQuery\":\"1\",\"isRequired\":\"0\",\"javaField\":\"name\",\"javaType\":\"String\",\"list\":true,\"params\":{},\"pk\":false,\"query\":true,\"queryType\":\"LIKE\",\"required\":false,\"sort\":1,\"superColumn\":false,\"tableId\":1,\"updateBy\":\"\",\"usableColumn\":false},{\"capJavaField\":\"Column2\",\"columnId\":2,\"columnName\":\"column2\",\"columnType\":\"varchar(10)\",\"createBy\":\"admin\",\"createTime\":\"2025-01-13 12:43:08\",\"dictType\":\"\",\"edit\":true,\"htmlType\":\"input\",\"increment\":false,\"insert\":true,\"isEdit\":\"1\",\"isIncrement\":\"0\",\"isInsert\":\"1\",\"isList\":\"1\",\"isPk\":\"0\",\"isQuery\":\"1\",\"isRequired\":\"0\",\"javaField\":\"column2\",\"javaType\":\"String\",\"list\":true,\"params\":{},\"pk\":false,\"query\":true,\"queryType\":\"EQ\",\"required\":false,\"sort\":2,\"superColumn\":false,\"tableId\":1,\"updateBy\":\"\",\"usableColumn\":false},{\"capJavaField\":\"ColumnN\",\"columnId\":3,\"columnName\":\"columnN\",\"columnType\":\"varchar(10)\",\"createBy\":\"admin\",\"createTime\":\"2025-01-13 12:43:08\",\"dictType\":\"\",\"edit\":true,\"htmlType\":\"input\",\"increment\":false,\"insert\":true,\"isEdit\":\"1\",\"isIncrement\":\"0\",\"isInsert\":\"1\",\"isList\":\"1\",\"isPk\":\"0\",\"isQuery\":\"1\",\"isRequired\":\"0\",\"javaField\":\"columnN\",\"javaType\":\"String\",\"list\":true,\"params\":{},\"pk\":false,\"query\":true,\"queryType\":\"EQ\",\"required\":false,\"sort\":3,\"superColumn\":false,\"tableId\":1,\"updateBy\":\"\",\"usableColumn\":false}],\"crud\":true,\"functionAuthor\":\"ruoyi\",\"functionName\":\"scds\",\"genPath\":\"/\",\"genType\":\"0\",\"moduleName\":\"system\",\"options\":\"{}\",\"packageName\":\"com.ruoyi.system\",\"params\":{},\"sub\":false,\"tableComment\":\"zcs\",\"tableId\":1,\"tableName\":\"table_name\",\"tplCategory\":\"crud\",\"tplWebType\":\"element-plus\",\"tree\":false}', '{\"msg\":\"操作成功\",\"code\":200}', 0, NULL, '2025-01-13 12:44:14', 26);
INSERT INTO `sys_oper_log` VALUES (103, '代码生成', 8, 'com.ruoyi.generator.controller.GenController.batchGenCode()', 'GET', 1, 'admin', '研发部门', '/tool/gen/batchGenCode', '127.0.0.1', '内网IP', '{\"tables\":\"table_name\"}', NULL, 0, NULL, '2025-01-13 12:44:21', 159);
INSERT INTO `sys_oper_log` VALUES (104, '代码生成', 3, 'com.ruoyi.generator.controller.GenController.remove()', 'DELETE', 1, 'admin', '研发部门', '/tool/gen/1', '127.0.0.1', '内网IP', '[1]', '{\"msg\":\"操作成功\",\"code\":200}', 0, NULL, '2025-01-13 12:44:28', 15);
INSERT INTO `sys_oper_log` VALUES (105, '菜单管理', 1, 'com.ruoyi.web.controller.system.SysMenuController.add()', 'POST', 1, 'admin', '研发部门', '/system/menu', '127.0.0.1', '内网IP', '{\"children\":[],\"createBy\":\"admin\",\"icon\":\"chart\",\"isCache\":\"0\",\"isFrame\":\"1\",\"menuName\":\"新闻数据处理\",\"menuType\":\"C\",\"orderNum\":0,\"params\":{},\"parentId\":0,\"path\":\"/news\",\"routeName\":\"news\",\"status\":\"0\",\"visible\":\"0\"}', '{\"msg\":\"操作成功\",\"code\":200}', 0, NULL, '2025-01-13 16:03:52', 27);
INSERT INTO `sys_oper_log` VALUES (106, '菜单管理', 2, 'com.ruoyi.web.controller.system.SysMenuController.edit()', 'PUT', 1, 'admin', '研发部门', '/system/menu', '127.0.0.1', '内网IP', '{\"children\":[],\"component\":\"news\",\"createTime\":\"2025-01-13 16:03:52\",\"icon\":\"chart\",\"isCache\":\"0\",\"isFrame\":\"1\",\"menuId\":2000,\"menuName\":\"新闻数据处理\",\"menuType\":\"C\",\"orderNum\":0,\"params\":{},\"parentId\":0,\"path\":\"news\",\"perms\":\"\",\"routeName\":\"news\",\"status\":\"0\",\"updateBy\":\"admin\",\"visible\":\"0\"}', '{\"msg\":\"操作成功\",\"code\":200}', 0, NULL, '2025-01-13 16:09:16', 11);
INSERT INTO `sys_oper_log` VALUES (107, '菜单管理', 2, 'com.ruoyi.web.controller.system.SysMenuController.edit()', 'PUT', 1, 'admin', '研发部门', '/system/menu', '127.0.0.1', '内网IP', '{\"children\":[],\"component\":\"news\",\"createTime\":\"2025-01-13 16:03:52\",\"icon\":\"chart\",\"isCache\":\"0\",\"isFrame\":\"1\",\"menuId\":2000,\"menuName\":\"新闻数据处理\",\"menuType\":\"C\",\"orderNum\":0,\"params\":{},\"parentId\":0,\"path\":\"/\",\"perms\":\"\",\"routeName\":\"news\",\"status\":\"0\",\"updateBy\":\"admin\",\"visible\":\"0\"}', '{\"msg\":\"操作成功\",\"code\":200}', 0, NULL, '2025-01-13 16:09:59', 9);
INSERT INTO `sys_oper_log` VALUES (108, '菜单管理', 2, 'com.ruoyi.web.controller.system.SysMenuController.edit()', 'PUT', 1, 'admin', '研发部门', '/system/menu', '127.0.0.1', '内网IP', '{\"children\":[],\"component\":\"news\",\"createTime\":\"2025-01-13 16:03:52\",\"icon\":\"chart\",\"isCache\":\"0\",\"isFrame\":\"1\",\"menuId\":2000,\"menuName\":\"新闻数据处理\",\"menuType\":\"C\",\"orderNum\":0,\"params\":{},\"parentId\":0,\"path\":\"/\",\"perms\":\"news:gen:edit\",\"routeName\":\"news\",\"status\":\"0\",\"updateBy\":\"admin\",\"visible\":\"0\"}', '{\"msg\":\"操作成功\",\"code\":200}', 0, NULL, '2025-01-13 16:16:09', 9);
INSERT INTO `sys_oper_log` VALUES (109, '菜单管理', 2, 'com.ruoyi.web.controller.system.SysMenuController.edit()', 'PUT', 1, 'admin', '研发部门', '/system/menu', '127.0.0.1', '内网IP', '{\"children\":[],\"component\":\"news\",\"createTime\":\"2025-01-13 16:03:52\",\"icon\":\"chart\",\"isCache\":\"0\",\"isFrame\":\"1\",\"menuId\":2000,\"menuName\":\"新闻数据处理\",\"menuType\":\"M\",\"orderNum\":0,\"params\":{},\"parentId\":0,\"path\":\"/news\",\"perms\":\"\",\"routeName\":\"news\",\"status\":\"0\",\"updateBy\":\"admin\",\"visible\":\"0\"}', '{\"msg\":\"操作成功\",\"code\":200}', 0, NULL, '2025-01-13 16:19:36', 11);
INSERT INTO `sys_oper_log` VALUES (110, '菜单管理', 2, 'com.ruoyi.web.controller.system.SysMenuController.edit()', 'PUT', 1, 'admin', '研发部门', '/system/menu', '127.0.0.1', '内网IP', '{\"children\":[],\"component\":\"news\",\"createTime\":\"2025-01-13 16:03:52\",\"icon\":\"chart\",\"isCache\":\"0\",\"isFrame\":\"1\",\"menuId\":2000,\"menuName\":\"新闻数据处理\",\"menuType\":\"M\",\"orderNum\":0,\"params\":{},\"parentId\":0,\"path\":\"news\",\"perms\":\"\",\"routeName\":\"news\",\"status\":\"0\",\"updateBy\":\"admin\",\"visible\":\"0\"}', '{\"msg\":\"操作成功\",\"code\":200}', 0, NULL, '2025-01-13 16:20:11', 10);
INSERT INTO `sys_oper_log` VALUES (111, '菜单管理', 3, 'com.ruoyi.web.controller.system.SysMenuController.remove()', 'DELETE', 1, 'admin', '研发部门', '/system/menu/2000', '127.0.0.1', '内网IP', '2000', '{\"msg\":\"操作成功\",\"code\":200}', 0, NULL, '2025-01-13 16:27:53', 19);
INSERT INTO `sys_oper_log` VALUES (112, '菜单管理', 1, 'com.ruoyi.web.controller.system.SysMenuController.add()', 'POST', 1, 'admin', '研发部门', '/system/menu', '127.0.0.1', '内网IP', '{\"children\":[],\"component\":\"news/index\",\"createBy\":\"admin\",\"icon\":\"chart\",\"isCache\":\"0\",\"isFrame\":\"1\",\"menuName\":\"新闻数据处理\",\"menuType\":\"C\",\"orderNum\":0,\"params\":{},\"parentId\":0,\"path\":\"news\",\"status\":\"0\",\"visible\":\"0\"}', '{\"msg\":\"操作成功\",\"code\":200}', 0, NULL, '2025-01-13 16:32:07', 10);
INSERT INTO `sys_oper_log` VALUES (113, '菜单管理', 1, 'com.ruoyi.web.controller.system.SysMenuController.add()', 'POST', 1, 'admin', '研发部门', '/system/menu', '127.0.0.1', '内网IP', '{\"children\":[],\"component\":\"news/new_list\",\"createBy\":\"admin\",\"icon\":\"excel\",\"isCache\":\"0\",\"isFrame\":\"1\",\"menuName\":\"新闻列表展示\",\"menuType\":\"C\",\"orderNum\":1,\"params\":{},\"parentId\":0,\"path\":\"news\",\"status\":\"0\",\"visible\":\"0\"}', '{\"msg\":\"操作成功\",\"code\":200}', 0, NULL, '2025-01-13 19:28:14', 11);
INSERT INTO `sys_oper_log` VALUES (114, '菜单管理', 2, 'com.ruoyi.web.controller.system.SysMenuController.edit()', 'PUT', 1, 'admin', '研发部门', '/system/menu', '127.0.0.1', '内网IP', '{\"children\":[],\"createTime\":\"2025-01-12 15:59:29\",\"icon\":\"system\",\"isCache\":\"0\",\"isFrame\":\"1\",\"menuId\":1,\"menuName\":\"系统管理\",\"menuType\":\"M\",\"orderNum\":2,\"params\":{},\"parentId\":0,\"path\":\"system\",\"perms\":\"\",\"query\":\"\",\"routeName\":\"\",\"status\":\"0\",\"updateBy\":\"admin\",\"visible\":\"0\"}', '{\"msg\":\"操作成功\",\"code\":200}', 0, NULL, '2025-01-13 19:28:32', 10);
INSERT INTO `sys_oper_log` VALUES (115, '菜单管理', 2, 'com.ruoyi.web.controller.system.SysMenuController.edit()', 'PUT', 1, 'admin', '研发部门', '/system/menu', '127.0.0.1', '内网IP', '{\"children\":[],\"component\":\"new_list/index\",\"createTime\":\"2025-01-13 19:28:14\",\"icon\":\"excel\",\"isCache\":\"0\",\"isFrame\":\"1\",\"menuId\":2002,\"menuName\":\"新闻列表展示\",\"menuType\":\"C\",\"orderNum\":1,\"params\":{},\"parentId\":0,\"path\":\"new_list\",\"perms\":\"\",\"routeName\":\"\",\"status\":\"0\",\"updateBy\":\"admin\",\"visible\":\"0\"}', '{\"msg\":\"操作成功\",\"code\":200}', 0, NULL, '2025-01-13 19:30:25', 8);
INSERT INTO `sys_oper_log` VALUES (116, '菜单管理', 2, 'com.ruoyi.web.controller.system.SysMenuController.edit()', 'PUT', 1, 'admin', '研发部门', '/system/menu', '127.0.0.1', '内网IP', '{\"children\":[],\"component\":\"news/index\",\"createTime\":\"2025-01-13 16:32:07\",\"icon\":\"clipboard\",\"isCache\":\"0\",\"isFrame\":\"1\",\"menuId\":2001,\"menuName\":\"新闻信息录入\",\"menuType\":\"C\",\"orderNum\":0,\"params\":{},\"parentId\":0,\"path\":\"news\",\"perms\":\"\",\"routeName\":\"\",\"status\":\"0\",\"updateBy\":\"admin\",\"visible\":\"0\"}', '{\"msg\":\"操作成功\",\"code\":200}', 0, NULL, '2025-01-13 19:30:57', 9);
INSERT INTO `sys_oper_log` VALUES (117, '创建表', 0, 'com.ruoyi.generator.controller.GenController.createTableSave()', 'POST', 1, 'admin', '研发部门', '/tool/gen/createTable', '127.0.0.1', '内网IP', '{\"sql\":\"create table news(\\n\\tid int,\\n\\ttitle varchar(100),\\n\\tcontent varchar(2005),\\n\\ttime varchar(50),\\n\\tupdate_time varchar(50),\\n\\tcategory varchar(50),\\n\\tpush_name varchar(100),\\n\\tclick_num int\\n);\"}', '{\"msg\":\"创建表结构异常\",\"code\":500}', 0, NULL, '2025-01-13 19:50:55', 74);
INSERT INTO `sys_oper_log` VALUES (118, '创建表', 0, 'com.ruoyi.generator.controller.GenController.createTableSave()', 'POST', 1, 'admin', '研发部门', '/tool/gen/createTable', '127.0.0.1', '内网IP', '{\"sql\":\"create table news(\\n\\tid int,\\n\\ttitle varchar(100),\\n\\tcontent varchar(2005),\\n\\ttime varchar(50),\\n\\tupdate_time varchar(50),\\n\\tcategory varchar(50),\\n\\tpush_name varchar(100),\\n\\tclick_num int\\n);\"}', '{\"msg\":\"创建表结构异常\",\"code\":500}', 0, NULL, '2025-01-13 19:51:06', 8);
INSERT INTO `sys_oper_log` VALUES (119, '创建表', 0, 'com.ruoyi.generator.controller.GenController.createTableSave()', 'POST', 1, 'admin', '研发部门', '/tool/gen/createTable', '127.0.0.1', '内网IP', '{\"sql\":\"create table news(\\n\\tid int,\\n\\ttitle varchar(100),\\n\\tcontent varchar(2005),\\n\\ttime varchar(50),\\n\\tupdate_time varchar(50),\\n\\tcategory varchar(50),\\n\\tpush_name varchar(100),\\n\\tclick_num int\\n)\"}', '{\"msg\":\"创建表结构异常\",\"code\":500}', 0, NULL, '2025-01-13 19:51:12', 5);
INSERT INTO `sys_oper_log` VALUES (120, '创建表', 0, 'com.ruoyi.generator.controller.GenController.createTableSave()', 'POST', 1, 'admin', '研发部门', '/tool/gen/createTable', '127.0.0.1', '内网IP', '{\"sql\":\"CREATE TABLE news(\\n\\tid int,\\n\\ttitle varchar(100),\\n\\tcontent varchar(2005),\\n\\ttime varchar(50),\\n\\tupdate_time varchar(50),\\n\\tcategory varchar(50),\\n\\tpush_name varchar(100),\\n\\tclick_num int\\n)；\"}', '{\"msg\":\"创建表结构异常\",\"code\":500}', 0, NULL, '2025-01-13 19:51:56', 3);
INSERT INTO `sys_oper_log` VALUES (121, '代码生成', 6, 'com.ruoyi.generator.controller.GenController.importTableSave()', 'POST', 1, 'admin', '研发部门', '/tool/gen/importTable', '127.0.0.1', '内网IP', '{\"tables\":\"news\"}', '{\"msg\":\"操作成功\",\"code\":200}', 0, NULL, '2025-01-13 19:52:18', 78);
INSERT INTO `sys_oper_log` VALUES (122, '代码生成', 2, 'com.ruoyi.generator.controller.GenController.editSave()', 'PUT', 1, 'admin', '研发部门', '/tool/gen', '127.0.0.1', '内网IP', '{\"businessName\":\"news\",\"className\":\"News\",\"columns\":[{\"capJavaField\":\"Id\",\"columnId\":4,\"columnName\":\"id\",\"columnType\":\"int\",\"createBy\":\"admin\",\"createTime\":\"2025-01-13 19:52:18\",\"dictType\":\"\",\"edit\":false,\"htmlType\":\"input\",\"increment\":false,\"insert\":true,\"isIncrement\":\"0\",\"isInsert\":\"1\",\"isPk\":\"0\",\"isRequired\":\"0\",\"javaField\":\"id\",\"javaType\":\"Long\",\"list\":false,\"params\":{},\"pk\":false,\"query\":false,\"queryType\":\"EQ\",\"required\":false,\"sort\":1,\"superColumn\":false,\"tableId\":2,\"updateBy\":\"\",\"usableColumn\":false},{\"capJavaField\":\"Title\",\"columnId\":5,\"columnName\":\"title\",\"columnType\":\"varchar(100)\",\"createBy\":\"admin\",\"createTime\":\"2025-01-13 19:52:18\",\"dictType\":\"\",\"edit\":true,\"htmlType\":\"input\",\"increment\":false,\"insert\":true,\"isEdit\":\"1\",\"isIncrement\":\"0\",\"isInsert\":\"1\",\"isList\":\"1\",\"isPk\":\"0\",\"isQuery\":\"1\",\"isRequired\":\"0\",\"javaField\":\"title\",\"javaType\":\"String\",\"list\":true,\"params\":{},\"pk\":false,\"query\":true,\"queryType\":\"EQ\",\"required\":false,\"sort\":2,\"superColumn\":false,\"tableId\":2,\"updateBy\":\"\",\"usableColumn\":false},{\"capJavaField\":\"Content\",\"columnId\":6,\"columnName\":\"content\",\"columnType\":\"varchar(2005)\",\"createBy\":\"admin\",\"createTime\":\"2025-01-13 19:52:18\",\"dictType\":\"\",\"edit\":true,\"htmlType\":\"editor\",\"increment\":false,\"insert\":true,\"isEdit\":\"1\",\"isIncrement\":\"0\",\"isInsert\":\"1\",\"isList\":\"1\",\"isPk\":\"0\",\"isQuery\":\"1\",\"isRequired\":\"0\",\"javaField\":\"content\",\"javaType\":\"String\",\"list\":true,\"params\":{},\"pk\":false,\"query\":true,\"queryType\":\"EQ\",\"required\":false,\"sort\":3,\"superColumn\":false,\"tableId\":2,\"updateBy\":\"\",\"usableColumn\":false},{\"capJavaField\":\"Time\",\"columnId\":7,\"columnName\":\"time\",\"columnType\":\"varchar(50)\",\"createBy\":\"admin\",\"createTime\":\"2025-01-13 19:52:18\",\"dictType\":\"\",\"edit\":true,\"htmlType\":\"input\",\"increment\":false,\"insert\":true,\"isEdit\":\"1\",\"isIncrement\":\"0\",\"isInsert\":\"1\",\"isList\":\"1\",\"isPk\":\"0\",\"isQuery\":\"1\",\"isRequired\":\"0\",\"javaField\":\"time\",\"javaType\":\"String\",\"list\":true,\"params\":{},\"pk\":false,\"query\":true,\"queryType\":\"EQ\",\"required\":false,\"sort\":4,', '{\"msg\":\"操作成功\",\"code\":200}', 0, NULL, '2025-01-13 19:53:47', 41);
INSERT INTO `sys_oper_log` VALUES (123, '代码生成', 8, 'com.ruoyi.generator.controller.GenController.batchGenCode()', 'GET', 1, 'admin', '研发部门', '/tool/gen/batchGenCode', '127.0.0.1', '内网IP', '{\"tables\":\"news\"}', NULL, 0, NULL, '2025-01-13 19:53:51', 160);
INSERT INTO `sys_oper_log` VALUES (124, '菜单管理', 1, 'com.ruoyi.web.controller.system.SysMenuController.add()', 'POST', 1, 'admin', '研发部门', '/system/menu', '127.0.0.1', '内网IP', '{\"children\":[],\"component\":\"news_data/index\",\"createBy\":\"admin\",\"isCache\":\"0\",\"isFrame\":\"1\",\"menuName\":\"新闻数据处理\",\"menuType\":\"C\",\"orderNum\":3,\"params\":{},\"parentId\":0,\"path\":\"news_data\",\"routeName\":\"\",\"status\":\"0\",\"visible\":\"1\"}', '{\"msg\":\"操作成功\",\"code\":200}', 0, NULL, '2025-01-15 13:26:42', 22);
INSERT INTO `sys_oper_log` VALUES (125, '菜单管理', 2, 'com.ruoyi.web.controller.system.SysMenuController.edit()', 'PUT', 1, 'admin', '研发部门', '/system/menu', '127.0.0.1', '内网IP', '{\"children\":[],\"component\":\"news_data/index\",\"createTime\":\"2025-01-15 13:26:42\",\"icon\":\"#\",\"isCache\":\"0\",\"isFrame\":\"1\",\"menuId\":2003,\"menuName\":\"新闻数据处理\",\"menuType\":\"C\",\"orderNum\":2,\"params\":{},\"parentId\":0,\"path\":\"news_data\",\"perms\":\"\",\"routeName\":\"\",\"status\":\"0\",\"updateBy\":\"admin\",\"visible\":\"1\"}', '{\"msg\":\"操作成功\",\"code\":200}', 0, NULL, '2025-01-15 13:29:43', 12);
INSERT INTO `sys_oper_log` VALUES (126, '菜单管理', 2, 'com.ruoyi.web.controller.system.SysMenuController.edit()', 'PUT', 1, 'admin', '研发部门', '/system/menu', '127.0.0.1', '内网IP', '{\"children\":[],\"createTime\":\"2025-01-12 15:59:29\",\"icon\":\"system\",\"isCache\":\"0\",\"isFrame\":\"1\",\"menuId\":1,\"menuName\":\"系统管理\",\"menuType\":\"M\",\"orderNum\":3,\"params\":{},\"parentId\":0,\"path\":\"system\",\"perms\":\"\",\"query\":\"\",\"routeName\":\"\",\"status\":\"0\",\"updateBy\":\"admin\",\"visible\":\"0\"}', '{\"msg\":\"操作成功\",\"code\":200}', 0, NULL, '2025-01-15 13:29:54', 10);
INSERT INTO `sys_oper_log` VALUES (127, '菜单管理', 2, 'com.ruoyi.web.controller.system.SysMenuController.edit()', 'PUT', 1, 'admin', '研发部门', '/system/menu', '127.0.0.1', '内网IP', '{\"children\":[],\"component\":\"news_data/index\",\"createTime\":\"2025-01-15 13:26:42\",\"icon\":\"#\",\"isCache\":\"0\",\"isFrame\":\"1\",\"menuId\":2003,\"menuName\":\"新闻数据处理\",\"menuType\":\"C\",\"orderNum\":3,\"params\":{},\"parentId\":0,\"path\":\"news_data\",\"perms\":\"\",\"routeName\":\"\",\"status\":\"0\",\"updateBy\":\"admin\",\"visible\":\"1\"}', '{\"msg\":\"操作成功\",\"code\":200}', 0, NULL, '2025-01-15 13:29:59', 8);
INSERT INTO `sys_oper_log` VALUES (128, '菜单管理', 2, 'com.ruoyi.web.controller.system.SysMenuController.edit()', 'PUT', 1, 'admin', '研发部门', '/system/menu', '127.0.0.1', '内网IP', '{\"children\":[],\"component\":\"news_data/index\",\"createTime\":\"2025-01-15 13:26:42\",\"icon\":\"#\",\"isCache\":\"0\",\"isFrame\":\"1\",\"menuId\":2003,\"menuName\":\"新闻数据处理\",\"menuType\":\"C\",\"orderNum\":2,\"params\":{},\"parentId\":0,\"path\":\"news_data\",\"perms\":\"\",\"routeName\":\"\",\"status\":\"0\",\"updateBy\":\"admin\",\"visible\":\"1\"}', '{\"msg\":\"操作成功\",\"code\":200}', 0, NULL, '2025-01-15 13:30:26', 8);
INSERT INTO `sys_oper_log` VALUES (129, '菜单管理', 2, 'com.ruoyi.web.controller.system.SysMenuController.edit()', 'PUT', 1, 'admin', '研发部门', '/system/menu', '127.0.0.1', '内网IP', '{\"children\":[],\"createTime\":\"2025-01-12 15:59:29\",\"icon\":\"monitor\",\"isCache\":\"0\",\"isFrame\":\"1\",\"menuId\":2,\"menuName\":\"系统监控\",\"menuType\":\"M\",\"orderNum\":3,\"params\":{},\"parentId\":0,\"path\":\"monitor\",\"perms\":\"\",\"query\":\"\",\"routeName\":\"\",\"status\":\"0\",\"updateBy\":\"admin\",\"visible\":\"0\"}', '{\"msg\":\"操作成功\",\"code\":200}', 0, NULL, '2025-01-15 13:30:31', 8);
INSERT INTO `sys_oper_log` VALUES (130, '用户管理', 2, 'com.ruoyi.web.controller.system.SysUserController.resetPwd()', 'PUT', 1, 'admin', '研发部门', '/system/user/resetPwd', '127.0.0.1', '内网IP', '{\"admin\":false,\"params\":{},\"updateBy\":\"admin\",\"userId\":2}', '{\"msg\":\"操作成功\",\"code\":200}', 0, NULL, '2025-01-16 16:27:05', 99);
INSERT INTO `sys_oper_log` VALUES (131, '菜单管理', 2, 'com.ruoyi.web.controller.system.SysMenuController.edit()', 'PUT', 1, 'admin', '研发部门', '/system/menu', '127.0.0.1', '内网IP', '{\"children\":[],\"component\":\"news/index\",\"createTime\":\"2025-01-13 16:32:07\",\"icon\":\"clipboard\",\"isCache\":\"0\",\"isFrame\":\"1\",\"menuId\":2001,\"menuName\":\"新闻信息录入\",\"menuType\":\"C\",\"orderNum\":0,\"params\":{},\"parentId\":0,\"path\":\"news\",\"perms\":\"news:list\",\"routeName\":\"\",\"status\":\"0\",\"updateBy\":\"admin\",\"visible\":\"0\"}', '{\"msg\":\"操作成功\",\"code\":200}', 0, NULL, '2025-01-16 16:37:47', 15);
INSERT INTO `sys_oper_log` VALUES (132, '菜单管理', 2, 'com.ruoyi.web.controller.system.SysMenuController.edit()', 'PUT', 1, 'admin', '研发部门', '/system/menu', '127.0.0.1', '内网IP', '{\"children\":[],\"component\":\"new_list/index\",\"createTime\":\"2025-01-13 19:28:14\",\"icon\":\"excel\",\"isCache\":\"0\",\"isFrame\":\"1\",\"menuId\":2002,\"menuName\":\"新闻列表展示\",\"menuType\":\"C\",\"orderNum\":1,\"params\":{},\"parentId\":0,\"path\":\"new_list\",\"perms\":\"news:list\",\"routeName\":\"\",\"status\":\"0\",\"updateBy\":\"admin\",\"visible\":\"0\"}', '{\"msg\":\"操作成功\",\"code\":200}', 0, NULL, '2025-01-16 16:37:56', 8);
INSERT INTO `sys_oper_log` VALUES (133, '菜单管理', 2, 'com.ruoyi.web.controller.system.SysMenuController.edit()', 'PUT', 1, 'admin', '研发部门', '/system/menu', '127.0.0.1', '内网IP', '{\"children\":[],\"component\":\"news_data/index\",\"createTime\":\"2025-01-15 13:26:42\",\"icon\":\"#\",\"isCache\":\"0\",\"isFrame\":\"1\",\"menuId\":2003,\"menuName\":\"新闻数据处理\",\"menuType\":\"C\",\"orderNum\":2,\"params\":{},\"parentId\":0,\"path\":\"news_data\",\"perms\":\"news:list\",\"routeName\":\"\",\"status\":\"0\",\"updateBy\":\"admin\",\"visible\":\"1\"}', '{\"msg\":\"操作成功\",\"code\":200}', 0, NULL, '2025-01-16 16:38:11', 7);
INSERT INTO `sys_oper_log` VALUES (134, '角色管理', 2, 'com.ruoyi.web.controller.system.SysRoleController.edit()', 'PUT', 1, 'admin', '研发部门', '/system/role', '127.0.0.1', '内网IP', '{\"admin\":false,\"createTime\":\"2025-01-12 15:59:29\",\"dataScope\":\"2\",\"delFlag\":\"0\",\"deptCheckStrictly\":true,\"flag\":false,\"menuCheckStrictly\":true,\"menuIds\":[2001,2002,2003],\"params\":{},\"remark\":\"普通角色\",\"roleId\":2,\"roleKey\":\"common\",\"roleName\":\"普通角色\",\"roleSort\":2,\"status\":\"0\",\"updateBy\":\"admin\"}', '{\"msg\":\"操作成功\",\"code\":200}', 0, NULL, '2025-01-16 16:39:29', 41);
INSERT INTO `sys_oper_log` VALUES (135, '角色管理', 2, 'com.ruoyi.web.controller.system.SysRoleController.edit()', 'PUT', 1, 'admin', '研发部门', '/system/role', '127.0.0.1', '内网IP', '{\"admin\":false,\"createTime\":\"2025-01-12 15:59:29\",\"dataScope\":\"2\",\"delFlag\":\"0\",\"deptCheckStrictly\":true,\"flag\":false,\"menuCheckStrictly\":true,\"menuIds\":[2002,2003],\"params\":{},\"remark\":\"普通角色\",\"roleId\":2,\"roleKey\":\"common\",\"roleName\":\"普通角色\",\"roleSort\":2,\"status\":\"0\",\"updateBy\":\"admin\"}', '{\"msg\":\"操作成功\",\"code\":200}', 0, NULL, '2025-01-16 16:41:27', 19);
INSERT INTO `sys_oper_log` VALUES (136, '菜单管理', 2, 'com.ruoyi.web.controller.system.SysMenuController.edit()', 'PUT', 1, 'admin', '研发部门', '/system/menu', '127.0.0.1', '内网IP', '{\"children\":[],\"component\":\"news/index\",\"createTime\":\"2025-01-13 16:32:07\",\"icon\":\"clipboard\",\"isCache\":\"0\",\"isFrame\":\"1\",\"menuId\":2001,\"menuName\":\"新闻信息录入\",\"menuType\":\"C\",\"orderNum\":1,\"params\":{},\"parentId\":0,\"path\":\"news\",\"perms\":\"news:list\",\"routeName\":\"\",\"status\":\"0\",\"updateBy\":\"admin\",\"visible\":\"0\"}', '{\"msg\":\"操作成功\",\"code\":200}', 0, NULL, '2025-01-16 16:49:14', 8);
INSERT INTO `sys_oper_log` VALUES (137, '菜单管理', 2, 'com.ruoyi.web.controller.system.SysMenuController.edit()', 'PUT', 1, 'admin', '研发部门', '/system/menu', '127.0.0.1', '内网IP', '{\"children\":[],\"component\":\"new_list/index\",\"createTime\":\"2025-01-13 19:28:14\",\"icon\":\"excel\",\"isCache\":\"0\",\"isFrame\":\"1\",\"menuId\":2002,\"menuName\":\"新闻列表展示\",\"menuType\":\"C\",\"orderNum\":0,\"params\":{},\"parentId\":0,\"path\":\"new_list\",\"perms\":\"news:list\",\"routeName\":\"\",\"status\":\"0\",\"updateBy\":\"admin\",\"visible\":\"0\"}', '{\"msg\":\"操作成功\",\"code\":200}', 0, NULL, '2025-01-16 16:49:20', 7);
INSERT INTO `sys_oper_log` VALUES (138, '菜单管理', 2, 'com.ruoyi.web.controller.system.SysMenuController.edit()', 'PUT', 1, 'admin', '研发部门', '/system/menu', '127.0.0.1', '内网IP', '{\"children\":[],\"component\":\"system/dept/index\",\"createTime\":\"2025-01-12 15:59:29\",\"icon\":\"tree\",\"isCache\":\"0\",\"isFrame\":\"1\",\"menuId\":103,\"menuName\":\"部门管理\",\"menuType\":\"C\",\"orderNum\":4,\"params\":{},\"parentId\":1,\"path\":\"dept\",\"perms\":\"system:dept:list\",\"query\":\"\",\"routeName\":\"\",\"status\":\"0\",\"updateBy\":\"admin\",\"visible\":\"1\"}', '{\"msg\":\"操作成功\",\"code\":200}', 0, NULL, '2025-01-17 12:46:38', 17);
INSERT INTO `sys_oper_log` VALUES (139, '菜单管理', 2, 'com.ruoyi.web.controller.system.SysMenuController.edit()', 'PUT', 1, 'admin', '研发部门', '/system/menu', '127.0.0.1', '内网IP', '{\"children\":[],\"component\":\"system/post/index\",\"createTime\":\"2025-01-12 15:59:29\",\"icon\":\"post\",\"isCache\":\"0\",\"isFrame\":\"1\",\"menuId\":104,\"menuName\":\"岗位管理\",\"menuType\":\"C\",\"orderNum\":5,\"params\":{},\"parentId\":1,\"path\":\"post\",\"perms\":\"system:post:list\",\"query\":\"\",\"routeName\":\"\",\"status\":\"0\",\"updateBy\":\"admin\",\"visible\":\"1\"}', '{\"msg\":\"操作成功\",\"code\":200}', 0, NULL, '2025-01-17 12:46:46', 8);
INSERT INTO `sys_oper_log` VALUES (140, '菜单管理', 2, 'com.ruoyi.web.controller.system.SysMenuController.edit()', 'PUT', 1, 'admin', '研发部门', '/system/menu', '127.0.0.1', '内网IP', '{\"children\":[],\"component\":\"system/dict/index\",\"createTime\":\"2025-01-12 15:59:29\",\"icon\":\"dict\",\"isCache\":\"0\",\"isFrame\":\"1\",\"menuId\":105,\"menuName\":\"字典管理\",\"menuType\":\"C\",\"orderNum\":6,\"params\":{},\"parentId\":1,\"path\":\"dict\",\"perms\":\"system:dict:list\",\"query\":\"\",\"routeName\":\"\",\"status\":\"0\",\"updateBy\":\"admin\",\"visible\":\"1\"}', '{\"msg\":\"操作成功\",\"code\":200}', 0, NULL, '2025-01-17 12:46:54', 7);
INSERT INTO `sys_oper_log` VALUES (141, '菜单管理', 2, 'com.ruoyi.web.controller.system.SysMenuController.edit()', 'PUT', 1, 'admin', '研发部门', '/system/menu', '127.0.0.1', '内网IP', '{\"children\":[],\"component\":\"system/config/index\",\"createTime\":\"2025-01-12 15:59:29\",\"icon\":\"edit\",\"isCache\":\"0\",\"isFrame\":\"1\",\"menuId\":106,\"menuName\":\"参数设置\",\"menuType\":\"C\",\"orderNum\":7,\"params\":{},\"parentId\":1,\"path\":\"config\",\"perms\":\"system:config:list\",\"query\":\"\",\"routeName\":\"\",\"status\":\"0\",\"updateBy\":\"admin\",\"visible\":\"1\"}', '{\"msg\":\"操作成功\",\"code\":200}', 0, NULL, '2025-01-17 12:46:59', 10);
INSERT INTO `sys_oper_log` VALUES (142, '菜单管理', 2, 'com.ruoyi.web.controller.system.SysMenuController.edit()', 'PUT', 1, 'admin', '研发部门', '/system/menu', '127.0.0.1', '内网IP', '{\"children\":[],\"createTime\":\"2025-01-12 15:59:29\",\"icon\":\"guide\",\"isCache\":\"0\",\"isFrame\":\"0\",\"menuId\":4,\"menuName\":\"若依官网\",\"menuType\":\"M\",\"orderNum\":4,\"params\":{},\"parentId\":0,\"path\":\"http://ruoyi.vip\",\"perms\":\"\",\"query\":\"\",\"routeName\":\"\",\"status\":\"1\",\"updateBy\":\"admin\",\"visible\":\"0\"}', '{\"msg\":\"操作成功\",\"code\":200}', 0, NULL, '2025-01-17 12:48:51', 10);
INSERT INTO `sys_oper_log` VALUES (143, '菜单管理', 2, 'com.ruoyi.web.controller.system.SysMenuController.edit()', 'PUT', 1, 'admin', '研发部门', '/system/menu', '127.0.0.1', '内网IP', '{\"children\":[],\"createTime\":\"2025-01-12 15:59:29\",\"icon\":\"tool\",\"isCache\":\"0\",\"isFrame\":\"1\",\"menuId\":3,\"menuName\":\"系统工具\",\"menuType\":\"M\",\"orderNum\":3,\"params\":{},\"parentId\":0,\"path\":\"tool\",\"perms\":\"\",\"query\":\"\",\"routeName\":\"\",\"status\":\"1\",\"updateBy\":\"admin\",\"visible\":\"0\"}', '{\"msg\":\"操作成功\",\"code\":200}', 0, NULL, '2025-01-17 12:48:58', 9);
INSERT INTO `sys_oper_log` VALUES (144, '菜单管理', 2, 'com.ruoyi.web.controller.system.SysMenuController.edit()', 'PUT', 1, 'admin', '研发部门', '/system/menu', '127.0.0.1', '内网IP', '{\"children\":[],\"component\":\"monitor/job/index\",\"createTime\":\"2025-01-12 15:59:29\",\"icon\":\"job\",\"isCache\":\"0\",\"isFrame\":\"1\",\"menuId\":110,\"menuName\":\"定时任务\",\"menuType\":\"C\",\"orderNum\":2,\"params\":{},\"parentId\":2,\"path\":\"job\",\"perms\":\"monitor:job:list\",\"query\":\"\",\"routeName\":\"\",\"status\":\"0\",\"updateBy\":\"admin\",\"visible\":\"1\"}', '{\"msg\":\"操作成功\",\"code\":200}', 0, NULL, '2025-01-17 12:50:08', 11);
INSERT INTO `sys_oper_log` VALUES (145, '菜单管理', 2, 'com.ruoyi.web.controller.system.SysMenuController.edit()', 'PUT', 1, 'admin', '研发部门', '/system/menu', '127.0.0.1', '内网IP', '{\"children\":[],\"component\":\"monitor/druid/index\",\"createTime\":\"2025-01-12 15:59:29\",\"icon\":\"druid\",\"isCache\":\"0\",\"isFrame\":\"1\",\"menuId\":111,\"menuName\":\"数据监控\",\"menuType\":\"C\",\"orderNum\":3,\"params\":{},\"parentId\":2,\"path\":\"druid\",\"perms\":\"monitor:druid:list\",\"query\":\"\",\"routeName\":\"\",\"status\":\"0\",\"updateBy\":\"admin\",\"visible\":\"1\"}', '{\"msg\":\"操作成功\",\"code\":200}', 0, NULL, '2025-01-17 12:51:06', 9);
INSERT INTO `sys_oper_log` VALUES (146, '菜单管理', 2, 'com.ruoyi.web.controller.system.SysMenuController.edit()', 'PUT', 1, 'admin', '研发部门', '/system/menu', '127.0.0.1', '内网IP', '{\"children\":[],\"component\":\"monitor/cache/index\",\"createTime\":\"2025-01-12 15:59:29\",\"icon\":\"redis\",\"isCache\":\"0\",\"isFrame\":\"1\",\"menuId\":113,\"menuName\":\"缓存监控\",\"menuType\":\"C\",\"orderNum\":5,\"params\":{},\"parentId\":2,\"path\":\"cache\",\"perms\":\"monitor:cache:list\",\"query\":\"\",\"routeName\":\"\",\"status\":\"0\",\"updateBy\":\"admin\",\"visible\":\"1\"}', '{\"msg\":\"操作成功\",\"code\":200}', 0, NULL, '2025-01-17 12:51:12', 6);
INSERT INTO `sys_oper_log` VALUES (147, '菜单管理', 2, 'com.ruoyi.web.controller.system.SysMenuController.edit()', 'PUT', 1, 'admin', '研发部门', '/system/menu', '127.0.0.1', '内网IP', '{\"children\":[],\"component\":\"monitor/cache/list\",\"createTime\":\"2025-01-12 15:59:29\",\"icon\":\"redis-list\",\"isCache\":\"0\",\"isFrame\":\"1\",\"menuId\":114,\"menuName\":\"缓存列表\",\"menuType\":\"C\",\"orderNum\":6,\"params\":{},\"parentId\":2,\"path\":\"cacheList\",\"perms\":\"monitor:cache:list\",\"query\":\"\",\"routeName\":\"\",\"status\":\"0\",\"updateBy\":\"admin\",\"visible\":\"1\"}', '{\"msg\":\"操作成功\",\"code\":200}', 0, NULL, '2025-01-17 12:51:15', 8);
INSERT INTO `sys_oper_log` VALUES (148, '菜单管理', 2, 'com.ruoyi.web.controller.system.SysMenuController.edit()', 'PUT', 1, 'admin', '研发部门', '/system/menu', '127.0.0.1', '内网IP', '{\"children\":[],\"component\":\"system/menu/index\",\"createTime\":\"2025-01-12 15:59:29\",\"icon\":\"tree-table\",\"isCache\":\"0\",\"isFrame\":\"1\",\"menuId\":102,\"menuName\":\"菜单管理\",\"menuType\":\"C\",\"orderNum\":3,\"params\":{},\"parentId\":1,\"path\":\"menu\",\"perms\":\"system:menu:list\",\"query\":\"\",\"routeName\":\"\",\"status\":\"0\",\"updateBy\":\"admin\",\"visible\":\"1\"}', '{\"msg\":\"操作成功\",\"code\":200}', 0, NULL, '2025-01-17 12:51:33', 11);
INSERT INTO `sys_oper_log` VALUES (149, '个人信息', 2, 'com.ruoyi.web.controller.system.SysProfileController.updateProfile()', 'PUT', 1, 'admin', '研发部门', '/system/user/profile', '127.0.0.1', '内网IP', '{\"admin\":false,\"email\":\"ry@163.com\",\"nickName\":\"若依\",\"params\":{},\"phonenumber\":\"15888888888\",\"sex\":\"0\"}', '{\"msg\":\"操作成功\",\"code\":200}', 0, NULL, '2025-01-17 13:53:42', 17);

-- ----------------------------
-- Table structure for sys_post
-- ----------------------------
DROP TABLE IF EXISTS `sys_post`;
CREATE TABLE `sys_post`  (
  `post_id` bigint(0) NOT NULL AUTO_INCREMENT COMMENT '岗位ID',
  `post_code` varchar(64) CHARACTER SET utf8 COLLATE utf8_bin NOT NULL COMMENT '岗位编码',
  `post_name` varchar(50) CHARACTER SET utf8 COLLATE utf8_bin NOT NULL COMMENT '岗位名称',
  `post_sort` int(0) NOT NULL COMMENT '显示顺序',
  `status` char(1) CHARACTER SET utf8 COLLATE utf8_bin NOT NULL COMMENT '状态（0正常 1停用）',
  `create_by` varchar(64) CHARACTER SET utf8 COLLATE utf8_bin NULL DEFAULT '' COMMENT '创建者',
  `create_time` datetime(0) NULL DEFAULT NULL COMMENT '创建时间',
  `update_by` varchar(64) CHARACTER SET utf8 COLLATE utf8_bin NULL DEFAULT '' COMMENT '更新者',
  `update_time` datetime(0) NULL DEFAULT NULL COMMENT '更新时间',
  `remark` varchar(500) CHARACTER SET utf8 COLLATE utf8_bin NULL DEFAULT NULL COMMENT '备注',
  PRIMARY KEY (`post_id`) USING BTREE
) ENGINE = InnoDB AUTO_INCREMENT = 4 CHARACTER SET = utf8 COLLATE = utf8_bin COMMENT = '岗位信息表' ROW_FORMAT = Dynamic;

-- ----------------------------
-- Records of sys_post
-- ----------------------------
INSERT INTO `sys_post` VALUES (1, 'ceo', '董事长', 1, '0', 'admin', '2025-01-12 15:59:29', '', NULL, '');
INSERT INTO `sys_post` VALUES (2, 'se', '项目经理', 2, '0', 'admin', '2025-01-12 15:59:29', '', NULL, '');
INSERT INTO `sys_post` VALUES (3, 'hr', '人力资源', 3, '0', 'admin', '2025-01-12 15:59:29', '', NULL, '');
INSERT INTO `sys_post` VALUES (4, 'user', '普通员工', 4, '0', 'admin', '2025-01-12 15:59:29', '', NULL, '');

-- ----------------------------
-- Table structure for sys_role
-- ----------------------------
DROP TABLE IF EXISTS `sys_role`;
CREATE TABLE `sys_role`  (
  `role_id` bigint(0) NOT NULL AUTO_INCREMENT COMMENT '角色ID',
  `role_name` varchar(30) CHARACTER SET utf8 COLLATE utf8_bin NOT NULL COMMENT '角色名称',
  `role_key` varchar(100) CHARACTER SET utf8 COLLATE utf8_bin NOT NULL COMMENT '角色权限字符串',
  `role_sort` int(0) NOT NULL COMMENT '显示顺序',
  `data_scope` char(1) CHARACTER SET utf8 COLLATE utf8_bin NULL DEFAULT '1' COMMENT '数据范围（1：全部数据权限 2：自定数据权限 3：本部门数据权限 4：本部门及以下数据权限）',
  `menu_check_strictly` tinyint(1) NULL DEFAULT 1 COMMENT '菜单树选择项是否关联显示',
  `dept_check_strictly` tinyint(1) NULL DEFAULT 1 COMMENT '部门树选择项是否关联显示',
  `status` char(1) CHARACTER SET utf8 COLLATE utf8_bin NOT NULL COMMENT '角色状态（0正常 1停用）',
  `del_flag` char(1) CHARACTER SET utf8 COLLATE utf8_bin NULL DEFAULT '0' COMMENT '删除标志（0代表存在 2代表删除）',
  `create_by` varchar(64) CHARACTER SET utf8 COLLATE utf8_bin NULL DEFAULT '' COMMENT '创建者',
  `create_time` datetime(0) NULL DEFAULT NULL COMMENT '创建时间',
  `update_by` varchar(64) CHARACTER SET utf8 COLLATE utf8_bin NULL DEFAULT '' COMMENT '更新者',
  `update_time` datetime(0) NULL DEFAULT NULL COMMENT '更新时间',
  `remark` varchar(500) CHARACTER SET utf8 COLLATE utf8_bin NULL DEFAULT NULL COMMENT '备注',
  PRIMARY KEY (`role_id`) USING BTREE
) ENGINE = InnoDB AUTO_INCREMENT = 2 CHARACTER SET = utf8 COLLATE = utf8_bin COMMENT = '角色信息表' ROW_FORMAT = Dynamic;

-- ----------------------------
-- Records of sys_role
-- ----------------------------
INSERT INTO `sys_role` VALUES (1, '超级管理员', 'admin', 1, '1', 1, 1, '0', '0', 'admin', '2025-01-12 15:59:29', '', NULL, '超级管理员');
INSERT INTO `sys_role` VALUES (2, '普通角色', 'common', 2, '2', 1, 1, '0', '0', 'admin', '2025-01-12 15:59:29', 'admin', '2025-01-16 16:41:27', '普通角色');

-- ----------------------------
-- Table structure for sys_role_dept
-- ----------------------------
DROP TABLE IF EXISTS `sys_role_dept`;
CREATE TABLE `sys_role_dept`  (
  `role_id` bigint(0) NOT NULL COMMENT '角色ID',
  `dept_id` bigint(0) NOT NULL COMMENT '部门ID',
  PRIMARY KEY (`role_id`, `dept_id`) USING BTREE
) ENGINE = InnoDB CHARACTER SET = utf8 COLLATE = utf8_bin COMMENT = '角色和部门关联表' ROW_FORMAT = Dynamic;

-- ----------------------------
-- Records of sys_role_dept
-- ----------------------------
INSERT INTO `sys_role_dept` VALUES (2, 100);
INSERT INTO `sys_role_dept` VALUES (2, 101);
INSERT INTO `sys_role_dept` VALUES (2, 105);

-- ----------------------------
-- Table structure for sys_role_menu
-- ----------------------------
DROP TABLE IF EXISTS `sys_role_menu`;
CREATE TABLE `sys_role_menu`  (
  `role_id` bigint(0) NOT NULL COMMENT '角色ID',
  `menu_id` bigint(0) NOT NULL COMMENT '菜单ID',
  PRIMARY KEY (`role_id`, `menu_id`) USING BTREE
) ENGINE = InnoDB CHARACTER SET = utf8 COLLATE = utf8_bin COMMENT = '角色和菜单关联表' ROW_FORMAT = Dynamic;

-- ----------------------------
-- Records of sys_role_menu
-- ----------------------------
INSERT INTO `sys_role_menu` VALUES (2, 2002);
INSERT INTO `sys_role_menu` VALUES (2, 2003);

-- ----------------------------
-- Table structure for sys_user
-- ----------------------------
DROP TABLE IF EXISTS `sys_user`;
CREATE TABLE `sys_user`  (
  `user_id` bigint(0) NOT NULL AUTO_INCREMENT COMMENT '用户ID',
  `dept_id` bigint(0) NULL DEFAULT NULL COMMENT '部门ID',
  `user_name` varchar(30) CHARACTER SET utf8 COLLATE utf8_bin NOT NULL COMMENT '用户账号',
  `nick_name` varchar(30) CHARACTER SET utf8 COLLATE utf8_bin NOT NULL COMMENT '用户昵称',
  `user_type` varchar(2) CHARACTER SET utf8 COLLATE utf8_bin NULL DEFAULT '00' COMMENT '用户类型（00系统用户）',
  `email` varchar(50) CHARACTER SET utf8 COLLATE utf8_bin NULL DEFAULT '' COMMENT '用户邮箱',
  `phonenumber` varchar(11) CHARACTER SET utf8 COLLATE utf8_bin NULL DEFAULT '' COMMENT '手机号码',
  `sex` char(1) CHARACTER SET utf8 COLLATE utf8_bin NULL DEFAULT '0' COMMENT '用户性别（0男 1女 2未知）',
  `avatar` varchar(100) CHARACTER SET utf8 COLLATE utf8_bin NULL DEFAULT '' COMMENT '头像地址',
  `password` varchar(100) CHARACTER SET utf8 COLLATE utf8_bin NULL DEFAULT '' COMMENT '密码',
  `status` char(1) CHARACTER SET utf8 COLLATE utf8_bin NULL DEFAULT '0' COMMENT '帐号状态（0正常 1停用）',
  `del_flag` char(1) CHARACTER SET utf8 COLLATE utf8_bin NULL DEFAULT '0' COMMENT '删除标志（0代表存在 2代表删除）',
  `login_ip` varchar(128) CHARACTER SET utf8 COLLATE utf8_bin NULL DEFAULT '' COMMENT '最后登录IP',
  `login_date` datetime(0) NULL DEFAULT NULL COMMENT '最后登录时间',
  `create_by` varchar(64) CHARACTER SET utf8 COLLATE utf8_bin NULL DEFAULT '' COMMENT '创建者',
  `create_time` datetime(0) NULL DEFAULT NULL COMMENT '创建时间',
  `update_by` varchar(64) CHARACTER SET utf8 COLLATE utf8_bin NULL DEFAULT '' COMMENT '更新者',
  `update_time` datetime(0) NULL DEFAULT NULL COMMENT '更新时间',
  `remark` varchar(500) CHARACTER SET utf8 COLLATE utf8_bin NULL DEFAULT NULL COMMENT '备注',
  PRIMARY KEY (`user_id`) USING BTREE
) ENGINE = InnoDB AUTO_INCREMENT = 2 CHARACTER SET = utf8 COLLATE = utf8_bin COMMENT = '用户信息表' ROW_FORMAT = Dynamic;

-- ----------------------------
-- Records of sys_user
-- ----------------------------
INSERT INTO `sys_user` VALUES (1, 103, 'admin', '若依', '00', 'ry@163.com', '15888888888', '0', '', '$2a$10$7JB720yubVSZvUI0rEqK/.VqGOZTH.ulu33dHOiBE8ByOhJIrdAu2', '0', '0', '127.0.0.1', '2025-01-17 13:36:36', 'admin', '2025-01-12 15:59:29', '', '2025-01-17 13:53:42', '管理员');
INSERT INTO `sys_user` VALUES (2, 105, 'ry', '若依', '00', 'ry@qq.com', '15666666666', '1', '', '$2a$10$r4LRe30JICoQS0TdN8gwxeFdWUF96HiG8K3GBoRRXQ0ErsC536G1K', '0', '0', '127.0.0.1', '2025-01-17 13:54:38', 'admin', '2025-01-12 15:59:29', 'admin', '2025-01-17 13:54:37', '测试员');
INSERT INTO `sys_user` VALUES (101, NULL, 'www', 'www', '00', '', '', '0', '', '$2a$10$VwV8/5Votc8qNdDnhzZGauY9Q0RRvS7ZtLNOefeZn2NkANKhQSb9S', '0', '0', '127.0.0.1', '2025-01-17 13:45:27', '', '2025-01-17 13:44:29', '', '2025-01-17 13:45:27', NULL);

-- ----------------------------
-- Table structure for sys_user_post
-- ----------------------------
DROP TABLE IF EXISTS `sys_user_post`;
CREATE TABLE `sys_user_post`  (
  `user_id` bigint(0) NOT NULL COMMENT '用户ID',
  `post_id` bigint(0) NOT NULL COMMENT '岗位ID',
  PRIMARY KEY (`user_id`, `post_id`) USING BTREE
) ENGINE = InnoDB CHARACTER SET = utf8 COLLATE = utf8_bin COMMENT = '用户与岗位关联表' ROW_FORMAT = Dynamic;

-- ----------------------------
-- Records of sys_user_post
-- ----------------------------
INSERT INTO `sys_user_post` VALUES (1, 1);
INSERT INTO `sys_user_post` VALUES (2, 2);

-- ----------------------------
-- Table structure for sys_user_role
-- ----------------------------
DROP TABLE IF EXISTS `sys_user_role`;
CREATE TABLE `sys_user_role`  (
  `user_id` bigint(0) NOT NULL COMMENT '用户ID',
  `role_id` bigint(0) NOT NULL COMMENT '角色ID',
  PRIMARY KEY (`user_id`, `role_id`) USING BTREE
) ENGINE = InnoDB CHARACTER SET = utf8 COLLATE = utf8_bin COMMENT = '用户和角色关联表' ROW_FORMAT = Dynamic;

-- ----------------------------
-- Records of sys_user_role
-- ----------------------------
INSERT INTO `sys_user_role` VALUES (1, 1);
INSERT INTO `sys_user_role` VALUES (2, 2);
INSERT INTO `sys_user_role` VALUES (101, 2);

-- ----------------------------
-- Table structure for table_name
-- ----------------------------
DROP TABLE IF EXISTS `table_name`;
CREATE TABLE `table_name`  (
  `name` varchar(10) CHARACTER SET utf8 COLLATE utf8_bin NULL DEFAULT NULL,
  `column2` varchar(10) CHARACTER SET utf8 COLLATE utf8_bin NULL DEFAULT NULL,
  `columnN` varchar(10) CHARACTER SET utf8 COLLATE utf8_bin NULL DEFAULT NULL
) ENGINE = InnoDB CHARACTER SET = utf8 COLLATE = utf8_bin ROW_FORMAT = Dynamic;

-- ----------------------------
-- Records of table_name
-- ----------------------------

SET FOREIGN_KEY_CHECKS = 1;
